id,product_title,cluster
342_right,ALIENWARE AREA 51M,1
336_right,ALIENWARE M15 2019,1
387_right,Laptop Alienware 15 R4 i7 8750H-8GB-256SSD-GTX1060 6G,2
394_right,Laptop Alienware 15 R4  i7 8750H-8GB-1TB-GTX1060 6G,2
397_right,Laptop Dell Alienware 15 R3 Core i7-7700HQ,3
268_right,Laptop Dell Vostro 5490 V4I3101W i3-4G-128SSD-14inch-W10- Xám ?en,4
171_right,aptop Dell Vostro 14 3405 V4R53500U003W,4
266_right,Dell Vostro 5481 V4I5229W Urban Gray I5 8265U 4GB 1TB 14FHD Win 10,4
153_right,Laptop Dell Vostro 15 3591 V5I3308W,4
132_right,Laptop DELL Vostro 3568 -Core i5 7200U- Ram 4GB – 15 inch ??P,4
108_right,DELL Vostro V3405_V4R33250U501W-Black (AMD R3 - 3250U4GBHDD 1TB14,4
267_right,Laptop DELL Inspiron 15 5593 70196703 I3-4G-128SSD-15.6inch-W10-B?c,5
430_right,Laptop DELL Inspiron  N3573 70178837 - N5000 15.6inch ?en,5
269_right,Laptop DELL Inspiron 3593 N3593A I3-4G-1T-15.6inch-W10-?en,5
270_right,Laptop Dell Inspiron 3580 N3580A I3-4G-1T-15.6inch- B?c,5
271_right,Laptop DELL Inspiron 3593 70197457 i5-4G-1T-VGA2G-15.6inch-W10-?en,5
458_right,Laptop Dell Inspiron 3467 i5 7200U-4GB-1TB-Win10,5
169_right,"Laptop Dell Inspi 14 3493 N3493B-P89G007N3493B ( 14"" Full HD/Intel Core i5-1035G1/4GB/512GB SSD/NVIDIA GeForce MX230/Windows 10 Home SL 64-bit/2kg)",6
168_right,"Laptop Dell Insp 14 5490 FMKJV11 ( 14"" Full HD/Intel Core i5-10210U/8GB/512GB SSD/NVIDIA GeForce MX230/Windows 10 Home SL 64-bit/1.5kg)",6
170_right,"Laptop Dell Inspir 15 3505 Y1N1T1 ( 15.6"" Full HD/AMD Ryzen 3 3250U/8GB/256GB SSD/Windows 10 Home SL 64-bit/1.8kg)",6
254_left,"Laptop Dell Inspiron N3501B ( i5-1135G7/4GB/512GB SSD/ 15.6"" Full HD/Windows 10 Home SL 64-bit) Hàng chính hãng",6
102_right,Laptop DELL 7450 -i7 5600U -SSD 120G- 14in Full HD,7
272_right,Laptop DELL Ins N3493 N4I5136W I5-4G-1T-14inch-w10-?en,7
103_right,Laptop DELL 3459 - i5 6200U - SSD 120G - 14inch HD,7
152_right,Laptop DELL 7440,7
423_right,Laptop Dell 15-V5581 -I5-8265U-4GB-1TB-Win10-Gray,7
379_right,Laptop DELL Vos V3580i I5-8265U 4G 1TB 15.6inch WIN 10,8
265_right,Dell Latitude 3590 Black I7-8550U 8GB 256GB 2GB 15.6FHD W10P,9
264_right,Dell Latitude 7390 Black I5 8350U 16GB 256SS 13.3FHD Touch W10P,9
109_right,DELL G3 15 3500_70223130 Black (i5-10300H2x4GB256G SSD1TB HDD4GB GTX 1650W10LED_KBFP15.6,10
247_right,DELL G5 5500 (2020),11
100_right,Laptop Dell Gaming G5 5500 70225485 i7-10750H/8GB/512GB/15.6FHD/6GB/Win10-Hàng chính hãng new,11
410_right,Laptop DELL Vos V3568 VTI3072NF -I3-7020U15.6inch ?en,12
381_right,Laptop DELL Vos V3490 70196712 - i3-10110U 14inch ?en,12
380_right,Laptop DELL Vos V3590 V5I3505W- i3-10110 15.6inch ?en,12
412_right,Laptop DELL Ins N3476 N3476B I5-8250U 14inch ?en,12
382_right,DELL Ins N3567 N3567U I3-7020U 15.6inh ?en,12
319_right,[Freeship] DELL XPS 15 9570 Max Option,13
352_right,[Freeship] DELL XPS 15 7590 9th DELL XPS 15 7590 9TH,13
249_right,DELL XPS 15 9500 (2020),13
211_right,Dell XPS 15 9570,13
250_right,DELL XPS 15 9500 (2020),13
359_right,[Freeship] DELL XPS 15 7590 9TH 4K TOUCH,13
343_right,[Freeship] DELL XPS 15 7590 Max Option,13
273_right,Dell XPS 13 7390 I7-10710U 8GB 256SS 13.3FHD W10 Finger Silver,14
205_right,"Laptop Dell XPS 13 9310 i5 1135G7/8GB/256GB/13.4""FHDTouch/Win 10 - B?c",14
164_right,"dell xps 13 9350 core i7 6560u,8g,256g, màn fhd siêu ph?m ultrabook m?ng nh? sang ch?nh h?c t?p gi?i trí tích h?p",14
321_right,[Freeship] DELL PRECISON 7520,15
331_right,[Freeship] DELL PRECISION M6800,15
335_right,[Freeship] DELL PRECISION 7540,15
339_right,[Freeship] DELL PRECISION 7530,15
341_right,[Freeship] DELL G7 7590,15
351_right,[Freeship] DELL PRECISION 5530,15
337_right,[Freeship] DELL PRECISION 3530,15
353_right,[Freeship] DELL PRECISION M5520,15
311_right,[Freeship] DELL PRECISION 3520,15
312_right,[Freeship] DELL PRECISION M7710,15
315_right,[Freeship] DELL PRECISION 7510,15
333_right,[Freeship] DELL PRECISION 7730,15
332_right,[Freeship] DELL PRECISION M5520,15
356_right,[Freeship] DELL G5 5590 SE,15
338_right,[Freeship] DELL G5 5590,15
8_right,[Freeship] DELL LATITUDE. E5470 CORE I5-6300 RAM 8GB SSD 256GB 14.0 HD [T?NG TÚI CH?NG S?C],16
222_right,"Dell Latitude. 5410 (Core I5-10210U Gen10, Ram 8GB, SSD NVMe 256GB, MH 14' FullHD IPS)",16
277_right,[Freeship] DELL LATITUDE. E7480,16
287_right,[Freeship] DELL LATITUDE. 5290,16
283_right,[Freeship] DELL LATITUDE. 5470,16
288_right,[Freeship] DELL LATITUDE. 5480,16
291_right,[Freeship] DELL LATITUDE. 5580,16
292_right,[Freeship] DELL LATITUDE. 5490,16
295_right,[Freeship] DELL LATITUDE. 5400,16
280_right,[Freeship] DELL LATITUDE. 7280,16
393_right,[Freeship] Laptop Dell Latitude. E7470 i5 siêu ph?m m?nh m? thi?t k? ??p tuy?t v?i,16
233_right,Máy tính xách tay HP Pavilion 14-ce3026TU  8WH93PA_Hàng chính hãng (Core i5-1035G1/ 8GB/ 512GB SSD/ 14 FHD/ WIN10),17
234_right,Máy tính xách tay HP Pavilion 14-ce3037TU- 8ZR43PA_Hàng Chính Hãng(Core i5-1035G1/ 4GB DDR4 2666MHz/ 256GB PCIe NVMe/ 14FHD/ Win10),17
235_right,Máy tính xách tay HP 15S-FQ1022TU 8VY75PA_Hàng chính hãng (Core i7-1065G7/ 8GB DDR4 2666MHz/ 512GB PCIe NVMe/ 15.6 FHD/ Win10),17
239_right,Máy tính xách tay HP 15S-FQ1107TU 193Q3PA_Hàng chính hãng,17
238_right,Máy tính xách tay HP 15S-FQ1017TU 8VY69PA_Hàng chính hãng,17
232_right,Máy tính xách tay HP Pavilion 14-ce3018TU  8QN89PA_Hàng chính hãng (Core i5-1035G1/ 4GB/ 256GB SSD/ 14 FHD/ WIN10),17
236_right,Máy tính xách tay HP 15S-DU1037TX 8RK37PA_Hàng chính hãng (Core i5-10210U/ 8GB DDR4 2666MHz/ 512GB PCIe NVMe/ MX130 2GB/ 15.6 HD/ Win10),17
230_right,Máy tính xách tay HP Pavilion Gaming 15-dk1074TX 1K3U8PA_Hàng chính hãng,17
229_right,Máy tính xách tay HP Pavilion Gaming 15-dk1075TX 1K3V0PA_Hàng chính hãng,17
228_right,Máy tính xách tay HP Envy 13-ba0046TU 171M7PA_Hàng chính hãng,17
226_right,Máy tính xách tay HP Spectre x360 Convertible 13-aw0181TU 8YQ35PA_Hàng chính hãng,17
103_left,"Máy tính xách tay Lenovo ThinkPad X280,i5  Ha?ng chi?nh ha?ng",17
237_right,Máy tính xách tay HP 15S-FQ1021TU 8VY74PA_Hàng chính hãng (Core i5-1035G1/ 8GB DDR4 2666MHz/ 512GB PCIe NVMe/ 15.6 HD/ Win10),17
231_right,Máy tính xách tay HP Pavilion Gaming 15-ec1054AX 1N1H6PA_Hàng chính hãng,17
199_right,HP Pavilion x360 14-dh1137TU i3 10110U/4GB/256GB SSD/14.0FHD Touch/WIN10 - Vàng,18
193_right,HP Pavilion 15-cs3116TX i5-1035G1/4GB/256GB SSD/2GB MX250/WIN10 - Vàng,18
185_right,HP Pavilion 14-ce2041TU/Core i5-8265U/4GB/1TB/WIN10 - Vàng,18
194_right,HP Pavilion x360 14-dh0103TU i3 8145U/4GB/1TB/WIN10 - Vàng,18
176_right,HP Pavilion 15-cs2031TU/i3-8145U/4GB/1TB/WIN10 - Vàng,18
424_right,Laptop HP Pavilion 15-cs1009TU-I5 8265U-4GB-1TB -WIN 10-VÀNG-5JL43PA,19
449_right,Laptop HP Pavilion X360 14-ba129TU -3MR85PA_Win10_Vàng,19
145_left,Laptop HP Pavilion 15-eg0070TU i5-1135G7/8GD4/512GSSD/15.6FHD/Wlac/BT5/3C41WHr/ALUp/VÀNG/W10SL/OFFICE_2L9H3PA Hàng chính hãng,20
262_left,"Laptop HP Pavilion Gaming 15-dk1086TX (Core i7-10750H,8GB RAM,512GB SSD,GF GTX 1650Ti 4GB,15.6""FHD,3cell,Win 10 Home 64,Black)_206R3PA - Hàng Chính Hãng",20
146_left,Laptop HP Pavilion 15-eg0070TU i5-1135G7/8GD4/512GSSD/15.6FHD/Wlac/BT5/3C41WHr/ALUp/VÀNG/W10SL/OFFICE_2L9H3PA Hàng chính hãng,20
134_left,Laptop HP Pavilion x360 14-dw1019TU i7-1165G7/8GD4/512GSSD/14.0FHDT/PEN/FP/WL/BT/3C/VÀNG/W10SL/OFFICE_2H3N7PA Hàng chính hãng,20
166_left,Laptop HP Pavilion x360 14-dw1018TU i5-1135G7/8GD4/512GSSD/14.0FHDT/PEN/FP/WL/BT/3C/VÀNG/W10SL/OFFICE_2H3N6PA Hàng chính hãng,20
418_right,Laptop HP 15 da0055TU 4NA89PA  i3 7020u,21
417_right,Laptop HP 15 da0054TU 4ME68PA i3 7020u - 15.6inch Vàng,21
409_right,Laptop HP 15-da0050TU 4ME67PA -I3-7020U 15.6inch B?c,22
408_right,Laptop HP 15-da0037TX 4ME82PA - I3-7020U 15.6inch,22
407_right,Laptop HP 15-da0443TX 5SL06PA - I3-7020U 15.6 inch B?c,22
112_left,Laptop HP 348 G7 9PG79PA (Core i3-8130U/4Gb/256Gb SSD/14 inch/VGA ON/Dos/Silver)-NBHP134,23
426_right,Laptop HP 15-da1030TX -I7-8565U-8GB-1TB -VGA 2G-WIN10 -B?C-5NM13PA,23
429_right,Laptop HP 14-ce1014TU -I3-8145U-4GB-500GB -WIN 10 -GOLD-5JN05PA,23
428_right,Laptop HP 14-ce1012TU -I5-8265U-4GB-1TB -WIN 10 -SILVER -5JN66PA,23
446_right,Laptop HP 15-da0033TX-4ME73PA_I5-8250U_4GB_1TB_VGA 2GB_WIN 10_SILVER,23
427_right,Laptop HP 14-ce1013TU-I5-8265U-4GB-1TB -WIN 10-PINK-5JN20PA,23
227_right,Laptop HP 14s-dq1065TU,23
425_right,Laptop HP 15-da1031TX -I5-8265U-4GB -1TB-VGA 2GB-WIN 10-B?C-5NK55PA,23
258_right,Laptop HP 14-ck0152TU 8DT53PA-BLACK N4417U/14inch,23
445_right,Laptop HP 250 G6-4NV79PA_I3-7020U_4GB_1TB_XÁM,23
347_right,HP SPECTRE X360 15T,24
317_right,HP SPECTRE X360 15T 2019,24
350_right,HP OMEN 15 2019,25
275_right,HP FOLIO 1040 G3,26
248_right,HP Envy 13 10th (2020),27
302_right,HP ELITEBOOK FOLIO 1040 G5,28
301_right,HP ELITEBOOK 840 G5,28
274_right,Laptop Hp Elitebook 820G3 i5 6200 8G 256G 12.5in Quá ??p cho Boss,28
298_right,HP ELITEBOOK FOLIO 1030 G3,28
290_right,HP ELITEBOOK 1040 G4,28
278_right,HP ELITEBOOK 1030 G2,28
285_right,HP ELITEBOOK 840 G4,28
313_right,HP ZBOOK 15 G3,29
344_right,HP ZBOOK 15U G4,29
330_right,HP ZBOOK 15U G5,29
77_right,"Laptop LG Gram 2020 14Z90N-V.AR52A5 i5-1035G7 , 8GB , 256GB , Intel Iris Plus Graphics , 14' FHD , Win 10",30
78_right,"Laptop LG Gram 2020 15Z90N-V.AR55A5 i5-1035G7 , 8GB ,512 GB , 15"" FHD IPS, sRGB 96% , WIN 10",30
80_right,"Laptop Acer Aspire 5 A514-54-540F i5-1135G7 , 8GB , 512GB , Intel Iris Xe Graphics , 14' FHD , Win 10",30
74_right,"Laptop Dell Gaming G7 7500 G7500B i7-10750H , 8GB , 512GB , VGA GTX 1660Ti 6GB , 15.6' FHD 144Hz,  Win 10",30
73_right,"Laptop MSI Modern 14 B11SB-074VN i5-1135G7 , 8GB , 512GB , VGA MX450 2GB , 14' FHD , Win 10",30
72_right,"Laptop Dell Inspiron 7306 N3I5202W i5-1135G7 , 8GB, 512GB, Intel Iris Xe Graphics , 13.3' FHD Touch , Win 10",30
81_right,"Laptop LG Gram 2020 14ZD90N-V.AX53A5  i5-1035G7 , 8GB , 256GB , Intel Iris Plus Graphics , 14' FHD , DOS",30
82_right,"Laptop LG Gram 2020 17Z90N-V.AH75A5 i7-1065G7 , 8 GB , 512 GB , 17"" WQXGA (2560 x 1600) IPS , WIN 10",30
71_right,"Laptop MSI GS66 Stealth 10UE-200VN i7-10870H , 16GB , 2TB , VGA RTX 3060 6GB , 15.6"" FHD 300Hz , Win 10",30
70_right,"Laptop MSI Modern 14 B11SB-244VN i5-1135G7 , 8GB , 512GB , VGA MX450 2GB , 14' FHD , Win 10",30
76_right,"Laptop LG Gram 2020 15ZD90N-V.AX56A5 i5-1035G7 , 8GB , 512GB , Intel Iris Plus Graphics , 15.6' FHD , DOS",30
75_right,"Laptop MSI GF63 Thin 9SCSR-1057VN ,i5-9300H , 8GB , 512GB , VGA GTX 1650Ti 4GB , 15.6' FHD 144Hz , Win 10",30
55_right,"Laptop Acer Nitro 5 AN515-56-51N4 i5-11300H , 8GB , 512GB , VGA GTX 1650 4GB , 15.6' FHD 144Hz . Win 10",30
68_right,"Laptop MSI Prestige 14 A11SCX-282VN ,i7-1185G7 , 8GB , 512GB , VGA GTX 1650 4GB , 14' FHD , Win 10",30
24_right,"Laptop HP Envy x360 13-ay0067AU 171N1PA R5-4500U , 8GB , 256GB , AMD Radeon Graphics , 13.3' FHD Touch , Win 10",30
19_right,"Laptop HP ProBook 430 G8 2H0N8PA i5-1135G7 , 8GB , 256GB , Intel Iris Xe Graphics , 13.3' FHD , Win 10",30
18_right,"Laptop HP ProBook 430 G8 2H0N9PA i5-1135G7 , 8GB , 512GB , Intel Iris Xe Graphics , 13.3' FHD , Win 10",30
49_right,"Laptop Acer Nitro 5 AN515-45-R3SM R5-5600H , 8GB , 512GB , VGA GTX 1650 4GB , 15.6' FHD 144Hz , Win 10",30
50_right,"Laptop Lenovo Legion 5 15ARH05H 82B100BJVN, R7-4800H , 8GB , 512GB , VGA GTX 1660Ti 6GB , 15.6' FHD 144Hz , Win 10",30
17_right,"Laptop Acer Swift 3 SF313-53-518Y ,i5-1135G7, 16GB , 512GB , Intel Iris Xe Graphics, 13.5' QHD , Win 10",30
52_right,"Laptop Lenovo Legion 5P 15IMH05 82AY003EVN , i5-10300H , 8GB , 512GB , VGA GTX 1650Ti 4GB , 15.6' FHD 144Hz , Win 10",30
83_right,"Laptop LG Gram 2020 14ZD90N-V.AX55A5 i5-1035G7 , 8GB , 512GB , 14"" FHD IPS, sRGB 96% ,FREE DOS",30
69_right,"Laptop Lenovo IdeaPad 5 15ITL05 82FG00M5VN i5-1135G7 , 8GB , 512GB , Intel Iris Xe Graphics,  15.6' FHD , Win 10",30
56_right,"Laptop Acer Nitro 5 2020 AN515-55-5923 i5-10300H , 8GB , 512GB , VGA GTX 1650Ti 4GB , 15.6' FHD 144Hz , Win 10",30
58_right,"Laptop MSI GF63 Thin 10SC-020VN ,i7-10750H , 8GB , 512GB , VGA GTX 1650 4GB , 15.6' FHD 144Hz , Win 10",30
59_right,"Laptop MSI Bravo 15 A4DCR-270VN R5-4600H , 8GB , 256GB , VGA RX 5300M 3GB , 15.6' FHD 144Hz , Win 10",30
60_right,"Laptop Avita Liber V14 NS14A8VNR571-CGB , i7-10510U , 8GB , 1TB , Intel UHD Graphics , 14' FHD , Win 10",30
62_right,"Laptop Avita Liber V14 NS14A8VNF561-ABB,  i5-10210U , 8GB , 512GB , Intel UHD Graphics , 14' FHD , Win 10",30
63_right,"Laptop Avita Liber V14 NS14A8VNF561-FLB ,i5-10210U , 8GB , 512GB, Intel UHD Graphics , 14' FHD , Win 10",30
64_right,"Laptop Avita Liber V14 NS14A8VNF561-SGB ,i5-10210U , 8GB , 512GB , Intel UHD Graphics , 14' FHD , Win 10",30
65_right,"Laptop Acer Swift 3 SF314-42-R5Z6 R5-4500U , 8GB , 512GB , AMD Radeon Graphics , 14' FHD , Win 10 + Office",30
66_right,"Laptop Lenovo Legion 5P 15IMH05H 82AW005PVN , i5-10300H , 8GB , 512GB , VGA GTX 1660Ti 6GB , 15.6' FHD 144Hz , Win 10",30
57_right,"Laptop MSI GF63 Thin 10SC-014VN i5-10200H , 8GB , 512GB , VGA GTX 1650 4GB , 15.6' FHD 144Hz , Win 10",30
84_right,"Laptop HP Pavilion Gaming 15-dk1086TX 206R3PA i7-10750H , 8GB , 512GB , VGA GTX 1650Ti 4GB , 15.6' FHD 144Hz , Win 10",30
92_right,"Laptop HP Pavilion x360 14-dw1018TU 2H3N6PA i5-1135G7, 8GB , 512GB , Intel Iris Xe Graphics , 14' FHD Touch , Win 10 + Office",30
86_right,"Laptop HP Envy 13-ba1027TU 2K0B1PA i5-1135G7 , 8GB , 256GB , Intel Iris Xe Graphics , 13.3'' FHD , Win 10 , Office",30
85_right,"Laptop HP Envy 13-ba1028TU 2K0B2PA i5-1135G7 , 8GB , 512GB , Intel Iris Xe Graphics , 13.3' FHD , Win 10 , Office",30
23_right,"Laptop HP ProBook 430 G8 2H0N6PA i5-1135G7 , 4GB , 256GB , Intel Iris Xe Graphics , 13.3' FHD , Win 10",30
93_right,"Laptop ASUS ROG Strix G15 G512-IAL013T i5-10300H , 8GB, 512GB , VGA GTX 1650Ti 4GB , 15.6' FHD 144Hz ,  Win 10",30
91_right,"Laptop ASUS TUF Gaming F15 FX506LI-HN096T i7-10870H , 8GB , 512GB , VGA GTX 1650Ti 4GB , 15.6' FHD 144Hz , Win 10",30
20_right,"Laptop HP ProBook 430 G8 2H0N7PA i5-1135G7 , 4GB , 512GB , Intel Iris Xe Graphics , 13.3' FHD , Win 10",30
90_right,"Laptop HP Pavilion 15-eg0003TX 2D9C5PA i5-1135G7 , 4GB , 256GB , VGA MX450 2GB , 15.6' FHD , Win 10 + Office",30
88_right,"Laptop HP Pavilion 15-eg0073TU 2P1N4PA i3-1115G4 , 4GB , 512GB , Intel UHD Graphics , 15.6' FHD , Win 10 + Office",30
123_right,Laptop Acer Aspire A515 56 54PK (NX.A1GSV.002) Core i5  1135G7  8GB  512GB SSD PCIe  Win 10  Full HD IPS  LED KEY,31
124_right,Laptop Acer Aspire A514 54 540F (NX.A28SV.005) Core i5  1135G7  8GB  512GB SSD PCIe Full HD IPS  LED KEY,31
125_right,Laptop Dell Vostro 3400 (YX51W1) Core i5  1135G7  4GB  256GB SSD PCIe MX330  2GB Win 10  Full HD,31
126_right,Laptop Dell Vostro 3500 (7G3981)  Core i5  1135G7  8GB  256GB SSD PCIe  Win 10  Full HD,31
127_right,Laptop Lenovo Ideapad 5 15ARE05 (81YQ00BHVN)  Ryzen 5 4500U  8GB  512GB SSD PCIe Win 10  Full HD IPS  Finger,31
128_right,Laptop HP 14s dk1055au (171K9PA) Ryzen 3 3250U  4GB  256GB SSD PCIe  Win 10,31
129_right,Laptop HP 15s fq2027TU (2Q5Y3PA)  Core i5  1135G7  8GB  512GB SSD PCIe WIN 10,31
120_right,Laptop Lenovo V15 IIL (82C500STVN)  Core i5  1035G1  8GB  512GB SSD PCIe MX330 with 2GB,31
143_right,Laptop Lenovo Thinkbook 15 G2 ITL (20VE006WVN)  Core i5 1135G7  8GB  512GB SSD PCIe Full HD IPS,31
150_right,Laptop Lenovo ThinkBook 14 IML (20SL00MEVN) Core i7  1065G7 8GB 512GB SSD PCIe  Win 10  Full HD IPS  Finger,31
46_right,Laptop HP ProBook 455 G8 (3G0R9PA)  Ryzen5 5600U  8GB  512GB SSD PCIe  Win 10  Full HD IPS  Finger  LED KEY,31
45_right,Laptop HP 240 G8 (342G5PA)   Core i3  1005G1  4GB  256GB SSD PCIe  VGA INTEL  Win 10  Full HD,31
44_right,Laptop Lenovo IdeaPad Slim 5 14ITL05 (82FE00LLVN) Core i5  1135G7  8GB 512GB SSD PCIe  VGA INTEL  Win 10 Full HD IPS Finger,31
217_right,Laptop Dell Vostro 3591 (V5I3308W) Core i3  1005G1  4GB  256GB SSD PCIe,31
122_right,Laptop Acer Aspire A515 56G 51YL (NX.A1LSV.002)  Core i5  1135G7  8GB  512GB SSD PCIe MX350 2GB  Win 10  Full HD IPS,31
130_right,Laptop HP 15s du1055TU (1W7P3PA) Pentium Gold 6405U  4GB  256GB SSD PCIe,31
118_right,Laptop Dell Vostro 3500 (V3500A) Corei5  1135G7  4GB 256GB SSD PCIe MX330  2GB  Win 10 Full HD,31
119_right,Laptop Dell Inspiron 3501 (N3501C) Core i3  1115G4  4GB  256GB SSD PCIe   Win 10  Full HD,31
97_right,Laptop Lenovo Lenovo Thinkpad E15 G2 (20TD0081VA)  Core i7  1165G7  8GB  512GB SSD PCIe   Full HD IPS Finger  LED KEY,31
98_right,Laptop Lenovo Thinkpad E15 G2 (20TD0080VA)  Core i5  1135G7  8GB  512GB SSD PCIe   Full HD IPS  Finger  LED KEY,31
99_right,Laptop Lenovo Thinkpad E15 G2 (20TD007WVA) Core i5  1135G7  8GB  256GB SSD PCIe  Full HD IPS  Finger  LED KEY,31
104_right,Lenovo ThinkBook 14 G2 ITL (20VD004BVN) i5  1135G7  8GB  256GB SSD PCIe   Full HD IPS  Finger,31
105_right,Laptop HP Pavilion 14 dv0009TU (2D7A7PA)  Core i5  1135G7  8GB 512GB SSD PCIe  Win 10  Full HD IPS,31
106_right,Laptop HP Pavilion 14 dv0008TU (2D7A5PA)  Core i5  1135G7  8GB  512GB SSD PCIe   Win 10 Full HD IPS,31
107_right,Laptop Lenovo IdeaPad Slim 5 14ITL05 (82FE00BFVN) Core i5 _ 1135G7  8GB  512GB SSD PCIe   Win 10  Full HD IPS  Win 10  Finger,31
113_right,Laptop Acer Aspire 7 A715 42G R4ST (NH.QAYSV.004) Ryzen 5 5500U 8GB 256GB SSD PCIe GTX1650  4GB Win 10 Full HD IP LED KEY,31
115_right,Laptop HP Pavilion 15 eg0070TU (2L9H3PA)  Core i5  1135G7  8GB  512GB SSD PCIe   Win 10 Full HD IPS,31
116_right,Laptop Dell Vostro 3500 (V3500B)  Core i5  1135G7  8GB  256GB SSD PCIe   MX330  2GB  Win 10  Full HD,31
117_right,Laptop Dell Inspiron 3501 (N3501B) Core  i5 1135G7  4GB  512GB SSD PCIe  Win 10  Full HD,31
114_right,Laptop HP Pavilion 15 eg0006TX (2D9C9PA)  Core i5  1135G7  8GB  512GB SSD PCIe  MX450 2GB Full HD IPS,31
13_right,Laptop Lenovo IdeaPad Gaming 3 15ARH05 82EY00C3VN R5-4600H  8GB  256GB  VGA GTX 1650 4GB  15.6' FHD  Win 10,32
12_right,Laptop Lenovo IdeaPad 5 14ITL05 82FE00LLVN i5-1135G7  8GB  512GB  Intel Iris Xe Graphics  14' FHD  Win 10,32
16_right,Laptop MSI GF65 Thin 10UE-228VN i7-10750H  16GB  512GB  VGA RTX 3060 6GB  15.6' FHD 144Hz  Win 10,32
15_right,Laptop MSI GF65 Thin 10UE-286VN i5-10500H  16GB  512GB  VGA RTX 3060 6GB  15.6' FHD 144Hz  Win 10,32
10_right,Laptop ASUS X415JA-EK259T i5-1035G1  4GB  512GB  Intel UHD Graphics  14' FHD  Win 10,32
9_right,Laptop ASUS X415MA-BV087T C-N4020  4GB  256GB  Intel UHD Graphics 600  14' HD  Win 10,32
245_right,Laptop Lenovo IdeaPad Gaming 3 15ARH0 (82EY00C3VN)  AMD 5 4600H  8GB  256GB SSD PCIe  GTX1650 4GB  Win 10,32
22_right,Laptop Acer Nitro 5 AN515-45-R0B6 R7-5800H  8GB  512GB  VGA RTX 3060 6GB  15.6' FHD 144Hz  Win 10,32
47_right,Laptop Acer Swift 3X SF314-510G-57MR i5-1135G7  8GB  512GB  Intel Iris Xe Max Graphics  14' FHD  Win 10,32
48_right,Laptop Acer Aspire 7 A715-42G-R4ST R5-5500U  8GB  256GB  VGA GTX 1650 4GB  15.6' FHD  Win 10,32
51_right,Laptop Acer Swift 3 SF313-53-503A i5-1135G7  8GB  512GB  Intel Iris Xe Graphics 13.5' QHD  Win 10,32
53_right,Laptop Acer Swift 3 SF314-59-568P i5-1135G7  8GB  1TB  Intel Iris Xe Graphics  14' FHD  Win 10,32
54_right,Laptop Acer Aspire 7 A715-41G-R150 R7-3750H  8GB  512GB  VGA GTX 1650Ti 4GB  15.6' FHD  Win 10,32
61_right,Laptop Acer Nitro 5 AN515-56-79U2 i7-11370H  8GB  512GB  VGA GTX 1650 4GB  15.6' FHD 144Hz  Win 10,32
67_right,Laptop Acer Predator Helios 300 PH315-53-78TN i7-10750H  16GB  512GB  VGA RTX 3060 6GB  15.6' FHD 300Hz  Win 10,32
87_right,Laptop HP ProBook 455 G7 1A1B1PA R7-4700U  8GB  512GB  AMD Radeon Graphics  15.6' FHD  Win 10,32
89_right,Laptop HP 340s G7 2G5C6PA i7-1065G7  4GB  256GB  Intel UHD Graphics  14'' FHD  Win 10,32
244_right,Laptop Lenovo IdeaPad Gaming 3 15IMH05 (81Y4006SVN)  Core i5 10300H  8GB  512GB SSD PCIe  GTX1650  4GB   Win 10,32
21_right,Laptop Creator ConceptD 3 Ezel CC314-72G-75SM i7-10750H  16GB  1TB  VGA GTX 1650Ti 4GB  14'' FHD IPS Touch  Win 10 Pro,32
136_right,Laptop   7352 Màn c?m ?ng xoay 360,32
79_right,Laptop ASUS ROG Strix SCAR 15 G533QM-HF089T R9-5900HX  16GB  1TB  VGA RTX 3060 6GB  15.6' FHD 300Hz  Win 10,32
94_right,"Laptop HP Pavilion 15 - eg0007TX  2D9D5PA  i7-1165G7 , 8GB, 512GB, VGA MX450 2GB ,15.6' FHD, Win 10 + Office",33
256_right,Laptop Acer Aspire 3 A315-55G-59BC NX.HNSSV.003 (?en),34
135_right,LAPTOP ACER ASPIRE A315 54K 36X5 NX.HEESV.00J,34
95_right,Laptop Acer Aspire 3 A315-54K-37B0 (NX.HEESV.00D),34
159_right,"Laptop Gaming Acer Aspire A715 72G v?i core i5 th? h? 8 ch?y t?t các ?ng d?ng ?? h?a corel, photoshop,...",35
215_right,Laptop ACER Swift 5 SF514-55T-51NZ NX.HX9SV.002 (Gold) i5-1135G7/ 8G/ 512GB/ 14 FHDT/ Win 10 - Hàng chính hãng,36
184_right,Acer Swift 5 SF514-53T-58PN/Core i5-8265U/NX.H7HSV.001 - Xanh,36
131_left,Laptop Acer Swift 3 SF314-59-5178 (NX.A0RSV.001) (i5-1135G7/8GB RAM/512GB SSD/14.0 inch FHD IPS/Win10/H?ng) - Hàng Chính Hãng,36
219_right,Laptop ACER Aspire 5 A515-55-55JA NX.HSMSV.003 B?c i5-1035G1/ 4G/ 512Gb/ OB/ 15.6 FHD/ Win 10 - Hàng chính hãng,37
216_right,Laptop ACER Aspire 5 A514-54-51VT NX.A23SV.004 (B?c) i5-1135G7/ 8G/ 512GB/ 14 FHD/ Win 10- Hàng chính hãng,37
89_left,Laptop Acer Aspire 5 A514-53-346U NX.HUSSV.005 (Core i3-1005G1/ 4GB RAM/ 512GB SSD/ 14 FHD/ Win 10) - Hàng Chính Hãng,37
101_right,Laptop Acer Aspire 5 A514-54-540F NX.A28SV.005 B?c i5-1135G7/8G/512GB/14FHD/OB/Win10-Hàng chính hãng new,37
121_right,"Laptop ACER Aspire 5 A515-56-54PK NX.A1GSV.002 B?c i5-1135G7/ 8GB/ 512GB/ OB/ 15.6""FHD/ Win10-Hàng chính hãng new",37
50_left,Laptop Acer Aspire 5 A514-54-51VT NX.A23SV.004 (Core i5-1135G7/ 8GB (4GBx2) DDR4 2666MHz/ 512GB SSD M.2 PCIE/ 14 FHD IPS/ Win10) - Hàng Chính Hãng,38
49_left,Laptop Acer Aspire 5 A514-54-51VT NX.A23SV.004 (Core i5-1135G7/ 8GB (4GBx2) DDR4 2666MHz/ 512GB SSD M.2 PCIE/ 14 FHD IPS/ Win10) - Hàng Chính Hãng,38
187_left,Laptop Acer Aspire 3 A315-54-52HT NX.HM2SV.002 (Core i5-10210U/ 4GB DDR4 2133MHz Onboard/ 256GB SSD M.2 PCIE/ 15.6 FHD/ Win10) - Hàng Chính Hãng,38
190_left,Laptop Acer Aspire 5 A515-55-55JA NX.HSMSV.003 (Core i5-1035G1/ 4GB/ 512GB SSD/ 15.6 FHD/ Win10) - Hàng Chính Hãng,38
82_left,Laptop Acer Aspire 5 A515-56G-51YL NX.A1LSV.002 (Core i5-1135G7/ 8GB (4GBx2) DDR4 2666MHz/ 512GB SSD M.2 PCIE/ MX350 2GB GDDR5/ 15.6 FHD IPS/ Win10) - Hàng Chính Hãng,38
83_left,Laptop Acer Aspire 5 A515-56G-51YL NX.A1LSV.002 (Core i5-1135G7/ 8GB (4GBx2) DDR4 2666MHz/ 512GB SSD M.2 PCIE/ MX350 2GB GDDR5/ 15.6 FHD IPS/ Win10) - Hàng Chính Hãng,38
84_left,Laptop Acer Aspire 5 A515-56-54PK NX.A1GSV.002 (Core i5-1135G7/ 8GB (4GBx2) DDR4 2666MHz/ 512GB SSD M.2 PCIE/ 15.6 FHD IPS/ Win10) - Hàng Chính Hãng,38
104_left,Laptop Acer Aspire 5 A514-54-39KU NX.A23SV.003 (Core i3-1115G4/ 4GB DDR4 2666MHz Onboard/ 256GB SSD M.2 PCIE/ 14 FHD IPS/ Win10) - Hàng Chính Hãng,38
206_left,Laptop Acer Aspire 3 A315-55G-59BC NX.HNSSV.003 (Core i5-10210U/ 4GB DDR4 2400MHz/ 256GB SSD M.2 PCIE/ MX230 2GB/ 15.6 FHD/ Win10) - Hàng Chính Hãng,38
85_left,Laptop Acer Aspire 5 A515-56-54PK NX.A1GSV.002 (Core i5-1135G7/ 8GB (4GBx2) DDR4 2666MHz/ 512GB SSD M.2 PCIE/ 15.6 FHD IPS/ Win10) - Hàng Chính Hãng,38
216_left,Laptop Acer Aspire 5 A515-55G-5633 NX.HZFSV.002 (Core i5-1035G1/ 8GB (4GB + 4GB Onboard) DDR4 2400MHz/ 512GB SSD M.2 NVMe/ MX350 2GB/ 15.6 FHD IPS/ Win10) - Hàng Chính Hãng,38
52_left,Laptop Acer Aspire 7 A715-41G-R150 NH.Q8SSV.004 (AMD Ryzen 7 3750H/ 8GB DDR4 2400MHz/ 512GB PCIe NVMe/ GTX 1650Ti 4GB GDDR6/ Win10) - Hàng Chính Hãng,38
97_left,Laptop Acer Aspire 5 A514-54-540F NX.A28SV.005 (Core i5-1135G7/ 8GB (4GBx2) DDR4 2666MHz/ 512GB SSD M.2 PCIE/ 14 FHD IPS/ Win10) - Hàng Chính Hãng,38
137_left,"Laptop Acer Aspire 7 A715-42G-R4ST (NH.QAYSV.004) ?en (Cpu R5-5500U, Ram 8GB, Ssd 256gb Pcie, Vga 4G Gtx 1650, Win10, 15.6 inch FHD) - Hàng chính hãng",39
160_left,"Laptop Acer Gaming Nitro 5 2021 AN515-55-72P6 NH.QBNSV.004 (Core i7-10750H/ 8GB/ 512GB SSD/ GTX 1650 4G /15.6 FHD, 144Hz/ Win10) - Hàng Chính Hãng",39
171_left,Laptop Acer Nitro 5 AN515-52-51GF NH.Q3MSV.001 Core i5-8300H/ Free Dos (15.6 inch) - Hàng Chính Hãng,39
128_left,Laptop Acer Aspire A315-56-59XY NX.HS5SV.003 (Core i5 1035G1/ 4GB RAM/ 256GB SSD/ 15.6  FHD/  Win 10) - Hàng Chính Hãng,39
247_left,Laptop Acer Aspire A514-52-516K NX.HMHSV.002 Core i5-10210U/ Win10 (14 FHD) - Hàng Chính Hãng,39
366_right,Laptop HP ZBook 15 G3 Core i7-6700HQ 8 GB RAM 256 GB SSD NVIDIA Quadro M1000M 15.6inch FHD,40
367_right,Laptop HP ZBook 15 G1 Core i7-4800MQ 8 GB RAM 256 GB SSD NVIDIA Quadro K1100M 15.6INCH FHD,40
369_right,[Freeship] Laptop Dell Alienware m17 Core i7 - 9750H 32 GB RAM 256 GB SSD + 1 TB HDD NVIDIA GeForce RTX 2060 17.3INCH FHD,40
372_right,Laptop VAIO VJS131C11N Core i5-6200U 8 GB RAM 256 GB SSD Intel® HD Graphics 520 13.3INCH  FHD,41
371_right,Laptop Toshiba. Tecra Z40-C Core i7-6600U 8 GB RAM 256 GB SSD Intel HD Graphics 520 14INCH FHD,41
368_right,Laptop HP ProBook 450 G3 Core i5-6200U 4 GB RAM 120 GB SSD Intel® HD Graphics 520 15.6INCH HD,41
0_right,Laptop HP EliteBook 840 G3 Core i5-6300U 8 GB RAM 128 GB SSD Intel® HD Graphics 520 14INCH FHD,41
373_right,Laptop Microsoft Surface Go Intel Pentium® 4415Y 4 GB RAM 64 GB eMMC Intel® HD Graphics 615 10INCH,41
370_right,Laptop Toshiba. Portege Z30-C Core i5-6200U 4 GB RAM 128 GB SSD IntelHD Graphics 520 13.3INCH  HD,41
388_right,Surface Pro 4 - Core i5 Ram 8GB SSD 256GB,42
453_right,Laptop HP 1040 G3 i7 6600U ram 8GB SSD 256GB LCD Full HD,42
389_right,Surface Pro 4 -Core i7 Ram 8GB SSD 256GB,42
402_right,Laptop Xiaomi Redmibook 14 Core i5-10210U Ram 8GB ? c?ng 512GB SSD C?c d?i NVIDIA GeForce MX250,43
406_right,Laptop Xiaomi Redmibook 14 Core i5-10210U Ram 8GB ? c?ng 512GB SSD c?c d?i MX250,43
112_right,Laptop Xiaomi Redmibook 13 core i5 10210U ram 8GB Rom 512GB NVIDIA GeForce  MX250,43
450_right,Laptop Chuwi Lapbook Pro Ram 8Gb ? c?ng 256GB SSD,44
447_right,Laptop 360 Teclast F5 Intel Celeron N4100 8GB RAM + 256GB SSD,44
262_right,Chuwi Hi10X Chip Intel N4120 Ram 6GB DDR4 ? c?ng 128GB  kèm bàn phím t?ng kính c??ng l?c,45
391_right,Suface Book 2 13inch i5 RAM 8 SSD 128 New Seal ,46
392_right,Suface Book 2 13inch I5 RAM 8 SSD 256 New Seal ,46
133_right,Laptop Diginos/Pegation C15B – i5 4210M – RAM 4G- HDD 500G – 17 in card ?? h?a,47
314_right,[Freeship] DELL XPS 9560 Core i7 7700HQ 16GB SSD 512GB GTX1050 LCD 15.6inch UHD 4K TOUCH,48
323_right,[Freeship] DELL XPS 15 9575 Core i7 8705G 8GB SSD 256GB VGA 4GB LCD 15.6inch PS FHD TOUCH X360,48
326_right,[Freeship] DELL XPS 15 9570 Core i7 8750H 16GB SSD 512GB GTX1050 Ti LCD 15.6inch IPS UHD 4K TOUCH,48
307_right,[Freeship] DELL XPS 15 9550 Core i7 7820HQ 16GB SSD 512GB QUADRO M1200M LCD 15.6inch UHD 4K TOUCH,48
304_right,[Freeship] DELL LATITUDE. 5401 Core i7 9850H 16GB SSD 512GB Nvidia MX130 LCD 14inch IPS FHD,49
310_right,[Freeship] DELL PRECISION M5520 Core i7 6820HQ 16GB SSD 512GB LCD 15.6inch IPS FHD,49
316_right,[Freeship] DELL PRECISION 3510 Core i7 6820HQ 16GB SSD 256GB Vga AMD FirePro W5130M LCD 15.6inch IPS FHD,49
308_right,[Freeship] DELL PRECISION M3800 Core i7 4712HQ 16GB SSD 1TB QUADRO K1100M LCD 15.6inch UHD 4K TOUCH,49
320_right,ALIENWARE 17 R5 Core i7 8750H 16GB SSD 512GB GTX1050Ti LCD 15.6inch IPS FHD,50
322_right,ALIENWARE 15 R4 Core i7 8750H 8GB SSD 256GB  GTX1060 LCD 15.6inch FHD,50
324_right,MSI GS65 STEALTH THIN 8RF Core i7 8750H 16GB SSD 256GB GTX1070 LCD 15.6INCH  IPS FHD 144Hz,50
328_right,ASUS ROG GL703GE Core i7 8750H 16GB SSD 256GB + HDD 1TB GTX1050Ti LCD 17.3inch FHD 120Hz,50
306_right,HP ZBOOK 15 G2 Core i7 4810MQ 8GB SSD 256GB QUADRO K1100M FHD,51
361_right,HP ZBOOK STUDIO 15 G5 HP ZBOOK STUDIO 15 G5 Core i7 9850H 16GB SSD 512GB Nvidia Quadro P1000 15.6inch IPS FHD,51
327_right,HP ZBOOK 15 G5 Core i9 8950HK 16GB SSD 512 QUADRO P1000 LCD 15.6inch IPS FHD,51
289_right,HP ELITEBOOK 850 G5 Core i5 8250U 8GB SSD 256GB LCD 15.6inch IPS FHD Touch,52
7_right,[Freeship] Laptop Lenovo Flex 3 1580 i5 6200 8G 1000G 15.6 FullHD C?m ?ng 360,53
5_right,[Laptop có sim 4G] Dell Tablet FullHD IPs c?m ?ng Cpu i5 Ram 8G SSD 256 HDMi Bluetooth 4.0,53
4_right,[Freeship] Laptop có sim 4G] Dell FullHD IPS SSD 512G nh? zinh c?m ?ng Cpu i5 Ram 8G HDMi Bluetooth 4.0,53
6_right,[Freeship] HP workstation 8570w i7 3720Q 8G SSD128 Nvidia K1000 GAME FIFA,54
456_right,MÁY TÍNH IBM  W540 i7 4800MQ 8CPU 8G 15 FullHD Nvidia K2100 GAME LMHT GTA5 Laptop b?n ??p nguyên zin m?nh m? {Quà T?t T?ng Bình l?c ly cafe},54
287_left,Laptop HP Pavilion 15-DK1056WM Core i5-10300H / RAM 8GB / SSD 256GB / GTX 1650 / Win 10 - Hàng Nh?p Kh?u M?,55
265_left,Laptop HP Pavilion Gaming 16-a0076ms Core i7-10750H / 8GB / 512GB / GTX1650Ti / Full HD / Win 10 - Hàng Nh?p Kh?u M?,55
278_left,Laptop ThinkPad T490 Core i5-8265U / 8G / 256GB / Full HD / W10Pro - Hàng Nh?p Kh?u M?,55
267_left,Lenovo ThinkPad T490s Core i5-8265U / 8G / 256SSD / FHD / W10Pro - Hàng Nh?p Kh?u M?,55
224_right,HP 15s-dy1031wm i3-1050G1 / RAM 8G  / SSD 256G,55
241_right,Laptop Dell Gaming G3 15 G3500A i7 10750H / 8GB / SSD 512GB / 1650Ti 4G / 15.6 inch (P89F002G3500A),55
284_left,Laptop Dell Inspiron 3493 Core i3-1005G1 / RAM 4GB / SSD 128GB / 14 inch HD / Win 10 / 1.6kg - Hàng Nh?p Kh?u M?,55
281_left,Laptop Dell G5 15 5500 Core i7-10750H / 8GB / SSD 256GB / GTX 1650Ti / Full HD / Win 10 - Hàng Nh?p Kh?u M?,55
271_left,ThinkPad T490 Core i5-8265U / 8G / 256GB / Full HD / W10Pro - Hàng Nh?p Kh?u M?,55
280_left,Laptop HP Pavilion X360 14t-dw100 Core i3-1005G1 / 8GB / 128GB SSD / HD / Win 10 Home - Hàng Nh?p Kh?u M?,55
139_left,Laptop Dell Inspiron 3501 Core i5-1035G1 / RAM 8GB / SSD 256GB / Full HD Touch / Black - Hàng Nh?p Kh?u M?,55
275_left,Laptop Lenovo Ideapad 3-14IIL05 Core i5-1035G1 / RAM 8GB / SSD 512GB / 14 inch FHD / Win 10 / Grey - Hàng Nh?p Kh?u M?,55
276_left,"Laptop Dell XPS 13 7390 Core i7-10510U / 8GB / 256GB / Full HD, Windows 10 - Hàng Nh?p Kh?u M?",55
177_left,"Laptop Dell Inspiron 3593 | Core i7-1065G7 / 12GB / 1TB, 128GB SSD / Full HD / Windows 10 - Hàng Nh?p Kh?u M?",55
285_left,Laptop Dell Inspiron 5570 Core i3-8130U / RAM 8G / SSD 128GB / Full HD Touch / Black / Win 10 - Hàng Nh?p Kh?u M?,55
282_left,Laptop Lenovo Ideapad Gaming 3i Core i7-10750H / 8GB / 512GB SSD / GTX 1650Ti / FHD / Win 10 / Onyx Black - Hàng Nh?p Kh?u M?,55
176_left,Microsoft Surface Pro X (13/ SQ1TM/ 8GB/ 128GB SSD/ WiFi + 4G LTE/ Black) - Hàng Nh?p Kh?u,56
221_left,Microsoft Surface Pro 7 Model QWW-00001  I7/16Gb/ 256Gb - Kèm bàn phím- Material black-New seal-  Hàng nh?p kh?u,56
37_left,Microsoft Surface Pro 7 Model QWV-00007  I5/8Gb/ 256Gb - Kèm bàn phím- Material black-New seal-  Hàng nh?p kh?u,56
226_left,Laptop Acer Aspire E5-576G-88EP (NX.H2ESV.001). Intel Core I7 8550U - Hàng Nh?p Kh?u,57
173_right,"Laptop DELL 7240 - Core i5, Ram 4G, SSD 128Gb, 12.5 inch - Hàng nh?p kh?u - B?o Hành 12 Tháng",57
174_left,Laptop Acer Aspire E5-476-50SZ (NX.H33SV.001). Intel Core  I5 8250U - Hàng Nh?p Kh?u,57
118_left,"Microsoft Surface Laptop 3 (Core i5-1035G7/13"") - Hàng Nh?p Kh?u",57
219_left,Laptop Acer Aspire  A514-51-37ZD (NX.H6USV.003. Intel Core I3-8145U - Hàng Nh?p Kh?u,57
234_left,EDXIS CHROMEBOOK11 (S20-C) - Hàng nh?p kh?u,57
152_left,Microsoft Surface Laptop Core i5 / Win10 S 13.5 inch 8GB RAM (??) - Hàng Nh?p Kh?u,57
77_left,Surface Pro 7 Core I3 Ram 4Gb Sdd 128Gb Brand New - Hàng chính hãng,58
76_left,Surface Pro 7 Core I3 Ram 4Gb Sdd 128Gb Brand New - Hàng chính hãng,58
222_left,Surface Pro 7 Core I5 Ram 8Gb Ssd 256Gb Brand New - Nh?p Kh?u,58
237_left,Surface Pro 7 Core I5 Ram 8Gb Ssd 256Gb Brand New - Hàng chính hãng  ( giao màu ng?u nhiên ),58
236_left,Surface Pro 7 Core I5 Ram 8Gb Ssd 256Gb Brand New - Hàng chính hãng  ( giao màu ng?u nhiên ),58
376_right,MacBook Pro 16 inch SSD 512GB TouchBar Tuoch ID Core i7 - Ram 16GB MVVJ2 Space Gray_Hàng Nh?p Kh?u Chính Hãng,59
375_right,MacBook Pro 16 inch SSD 1TB TouchBar Tuoch ID Core i9 - Ram 16GB MVVK2 Space Gray_Hàng Nh?p Kh?u Chính Hãng,59
111_left,Microsoft Surface Pro 2018 - Core i5-8250U/8G/128GB - Hàng Chính Hãng,60
51_left,Microsoft Surface Laptop 2 - Core i5-8250U/RAM 8GB/ SSD 256GB - Hàng Chính Hãng,60
251_left,Microsoft Surface Laptop 2 - Core i5-8250U/RAM 8GB/ SSD 128GB - Hàng Chính Hãng,60
195_left,Microsoft Surface Pro 2018 - Core i5-8250U/8G/256GB - Hàng Chính Hãng,60
223_left,Microsoft Surface Pro 2018 - Core i7-8650U/8G/256GB (KJU-00016) - Hàng Chính Hãng,60
233_left,Surface Book 2 15 Inch Core I7 Ram 16Gb 512Gb (New) - Hàng chính hãng,61
257_left,Surface Book 2 13 Inch Core I5 Ram 8Gb Ssd 128Gb (New) - Hàng chính hãng,61
191_left,Máy tính laptop Surface Book 2 15 Inch Core I7 Ram 16Gb 1Tb (New) - Hàng chính hãng ,61
157_right,"( FULL BOX CÓ H?P - BH HÃNG ??N 11- 2021) MSI GF75 9RCX i5 9300H/8Gb/256Gb/17.3""FHD IPS 120GHZ/GTX 1050Ti 4Gb/Win 10/449VN",62
162_right,máy m?i full box MSI GF63 9SCXR I5 9300/8G/256G/GTX 1650/ CÒN BH ??N THÁNG 4 - 2022,62
165_right,"( MÁY M?I FULL BOX 100%) Laptop Evoo Gaming 15 2020 Core i7 9750H, GTX 1650 4G, MÀN 144GHZ, SIÊU M?NG CH? 1.5KG c?u hình c?c kh?ng",63
149_right,"[M?i 100% FULL BOX ] HP OMEN 15 2020 (AMD Ryzen 7 - 4800H, 16GB, 512GB, VGA 6GB GTX 1660Ti, 15.6 FHD 144Hz)",64
160_right,ACER NITRO 5 2020 m?i c?ng full box 100% - laptopgame.vn,65
191_right,Laptop MSI Bravo 15 A4DCR-270VN R5 4600H/8GB/256GB/AMD RX5300M-3GB/Win10 - ?en,66
203_right,Laptop MSI Gaming GF63-1218VN i5 10300H/8GB/512GB SSD/Nvidia GTX 1650_4GB/Win10 - ?en,66
178_right,Asus Strix Gaming G512-IAL001T i7 10750H/8GB/512G SSD/15.6 FHD/Nvidia GTX1650Ti- 4GB/WIN10 - ?en,66
179_right,"HP Spectre x360 13 i7 1065G7/16GB/512GB SSD/13.3"" UHD/Intel UHD/W10 - ?en",67
200_right,HP Pavilion Gaming 15 ec0050AX R5 3550H/8GB/128GB SSD+1TB/4GB GTX1650/Win10 - ?en,67
214_right,Laptop HP Pavilion Gaming 15 dk1086TX i7 10750H/8GB/512GB/GF 1650Ti4GB/15.6FHD/Win 10 - ?en,67
198_right,"Acer Nitro 5 AN515 43 R9FD R5 3550H/8GB/512GB/15.6""FHD/NVD GTX 1650 4GB/Win 10 - ?en",68
202_right,Acer Nitro 5 AN515-55-5304 i5 10300H/8GB/512GB/15.6FHD/GTX1650Ti 4GB/Win 10 - ?en,68
183_right,"Acer Nitro AN515 54 595D i5-9300H/8Gb/512Gb/GTX 1650 4Gb/15.6""FHD/Win 10 - ?en",68
197_right,"Acer Aspire 3 A315 56 59XY i5 1035G1/4GB/256GB/15.6""FHD/Win 10 - ?en",68
206_right,Acer Aspire Gaming A715-41G-R282 R5 3550H/8GD4/512GSSD/Nvidia GTX1650Ti 4GB/Win10 - ?en,68
209_right,Lenovo IdeaPad C340-15IIL i5 1035G1/8GB/512GB SSD/Win10 - ?en,69
439_right,[Freeship] Laptop Lenovo Thinkpad. T560 i7 6600 Ram16G SSD 512G Laptop - Laptop r? - Laptop sinh viên - Laptop v?n phòng - Laptop c? - Laptop ch?i game - Laptop gi?i trí - Laptop SSD -laptop,70
134_right,Laptop Mini One Netbook A1,70
455_right,MÁY TÍNH HP workstation 8570w i7 3720Q 4G 15 Nvidia K1000 GAME FIFALaptop - Laptop r? - Laptop sinh viên - Laptop v?n phòng - Laptop c? - Laptop ch?i game - Laptop gi?i trí - Laptop SSD -laptop Hp Pavilion giá r? c? HP envy Hp i3 i5 i7,70
457_right,MÁY TÍNH HP workstation 8570w i7 3720Q 8G 15FullHD Nvidia K1000 GAME FIFALaptop - Laptop r? - Laptop sinh viên - Laptop v?n phòng - Laptop c? - Laptop ch?i game - Laptop gi?i trí - Laptop SSD -laptop Hp Pavilion giá r? c? HP envy Hp i3 i5 i7,70
454_right,MÁY TÍNH HP workstation 8570w i7 3720Q 8G SSD256 Nvidia K1000 GAME FIFA Laptop - Laptop r? - Laptop sinh viên - Laptop v?n phòng - Laptop c? - Laptop ch?i game - Laptop gi?i trí - Laptop SSD -laptop Hp Pavilion giá r? c? HP envy Hp i3 i5 i7,70
414_right,Laptop ASUS	A510UA-EJ1123T - I3 8130U -15.6inch -Vàng,71
385_right,Laptop ASUS	X409UA-EK092T - B?C	I3-7020U 14 inch,72
96_right,Laptop Lenovo V14-IIL i5-1035G1 14 inch 82C400W4VN,72
131_right,Laptop HP 14S – CF1025TX – Core i5 8265U – RAM 4GB – SSD 128GB – 14 INCH,73
263_right,Laptop Dell Vostro 3590 V5I3101W ntel Core i3 _10110U _4GB _256GB SSD PCIe _VGA INTEL _Win 10 _Full HD _Finger_ Hàng Chính Hãng,74
259_right,Laptop Dell Inspiron 3593 N3593C Core i3 _1005G1 _4GB _256GB SSD _VGA INTEL _Win 10 _Full HD_ Hàng Chính Hãng,74
251_right,Laptop Lenovo V14 IIL (82C400W3VN)  Core i5 _1035G1 _4GB _256GB SSD PCIe _VGA INTEL _Full HD,75
26_right,Máy Tính ?? Bàn Lenovo V530S 07ICB -10TXS0QG00 - Core i3 _9100 _4GB _256GB SSD PCIe _VGA INTEL _WiFi,75
253_right,Laptop Lenovo IdeaPad S145 15IIL 81W8001XVN Core i3 _1005G1 _4GB _256GB SSD PCIe _VGA INTEL _Win 10 _Full HD,75
27_right,Máy Tính ?? Bàn PC Lenovo V530 15ICB - 10TVS0M000 - Intel Core  i5 _9400 - 4GB - 1TB - VGA INTEL - FreeDos,76
32_right,LapTop Lenovo V15 IIL 82C500NJVN - Intel Core i3 _ 1005G1 - 4GB - 256GB SSD PCIe - Win 10 - 15.6 inch HD,76
28_right,Máy Tính ?? Bàn PC Lenovo V50s 11HB004RVA - Intel Core i3 _ 10100 - 4GB - 1TB - VGA INTEL - FreeDos,76
43_right,"LapTop Lenovo V15 IIL 82C500MNVN - Intel Core i3 _ 1005G1 - 4GB - 256GB SSD PCIe - 15,6 inch Full HD - FreeDos",76
35_right,LapTop Lenovo V14 IIL 82C400W3VN - Intel Core i5 _ 1035G1 - 8GB - 256GB SSD PCIe - VGA INTEL - 14 inch HD - FreeDos,76
167_right,"Laptop Lenovo think pad T450s (Core i5-5300U, 8GB, 256GB, VGA intel HD Graphics 5500, 14 inch)",77
158_right,Laptop Lenovo Ideapad L340 15IRH i5 9300HF/8GB/512GB SSD/3GB GTX1050/WIN10 ( B?O HÀNH CHÍNH HÃNG ??N 6- 2021),78
2_right,Laptop Lenovo IDeaPad x330 likenew NoBox,78
243_right,Laptop LENOVO IDEAPAD X330 Like New,78
221_right,Laptop Lenovo ThinkBook 15 IIL (20SM00D9VN)  Core i3 _ 1005G1 4GB  512GB SSD PCIe,79
29_right,"LapTop Lenovo ThinkBook 15 IIL 20SM00D9VN -Core i3 _ 1005G1 -4GB -512GB SSD -Win 10 -15,6'' FHD IPS",79
25_right,LapTop Lenovo ThinkBook 15 IIL 20SM00D9VN - Core  i3 _ 1005G1 - 8GB (8GBx01) - 512GB SSD - 15.6'' FHD IPS - Windows 10,79
34_right,"LapTop Lenovo V15 IIL 82C500STVN - Core i5 _ 1035G1 - 8GB - 512GB SSD PCIe - MX330 2GB - 15.6"" Full HD - FreeDos",80
38_right,"LapTop Lenovo IdeaPad Slim 5 15ITL05 82FG00M5VN - Core i5 _ 1135G7 - 8GB - 512GB SSD PCIe - Win 10 - 15,6"" Full HD IPS",80
30_right,"LapTop Lenovo Ideapad Slim 5 15ARE05 81YQ00BHVN - Ryzen 5 4500U - 8GB - 512GB SSD PCIe - Win 10 - 15.6"" FHD IPS",80
31_right,"LapTop Lenovo ThinkBook 14 IML 20SL00MEVN - Core i7_1065G7 - 8GB - 512GB SSD PCIe - Win 10 - 14"" FHD IPS",80
40_right,"LapTop Lenovo Thinkpad E15 G2 20TD007WVA - Core i5 _ 1135G7 - 8GB - 256GB SSD PCIe - 15,6"" Full HD IPS - FreeDos",80
39_right,"LapTop Lenovo Thinkpad E15 G2 20TD0080VA - Core i5 _ 1135G7 - 8GB - 512GB SSD PCIe - 15,6"" Full HD IPS - FreeDos",80
41_right,"LapTop Lenovo Thinkpad E15 G2 20TD0081VA - Core i7 _ 1165G7 - 8GB - 512GB SSD PCIe - 15,6"" Full HD IPS - FreeDos",80
37_right,"LapTop Lenovo IdeaPad 3 15ADA05 81W100GUVN - Ryzen 3 3250U - 4GB - 256GB SSD PCIe - Radeon Graphics - Win 10 - 15,6"" FHD",80
36_right,LapTop Lenovo ThinkBook 14 G2 ITL 20VD004BVN - Core i5 _ 1135G7 - 8GB - 256GB SSD PCIe - 14 inch Full HD IPS - FreeDos,80
42_right,"LapTop Lenovo Thinkbook 15 G2 ITL 20VE006WVN - Intel Core i5 _ 1135G7 - 8GB - 512GB SSD PCIe - 15,6"" FHD IPS - FreeDos",80
33_right,"LapTop Lenovo IdeaPad Slim 5 14ITL05 82FE00BFVN -Core i5 _ 1135G7 -8GB -512GB SSD PCIe -Win 10 -14"" FHD IPS -Win 10",81
298_left,Laptop LG Gram 2021 14ZD90P-G.AX51A5 (Core i5-1135G7/ 8GB LPDDR4X/ 256GB SSD NVMe/ 14 WUXGA IPS/ NonOS) - Hàng Chính Hãng,82
291_left,Laptop LG Gram 2021 17ZD90P-G.AX71A5 (Core i7-1165G7/ 16GB LPDDR4X/ 256GB SSD NVMe/ 17 WQXGA IPS/ NonOS) - Hàng Chính Hãng,82
121_left,Laptop LG Gram 2020 17Z90N-V.AH75A5 (Core i7-1065G7/ 8GB/ 512GB NVMe/ 17 WQXGA IPS (2560*1600)/ Win10 Home Plus/ Silver) - Hàng Chính Hãng,82
299_left,Laptop LG Gram 2021 14Z90P-G.AH75A5 (Core i7-1165G7/ 16GB LPDDR4X/ 256GB SSD NVMe/ 14 WUXGA IPS/ Win10) - Hàng Chính Hãng,82
296_left,Laptop LG Gram 2021 16ZD90P-G.AX54A5 (Core i7-1165G7/ 8GB LPDDR4X/ 512GB SSD NVMe/ 16 WQXGA IPS/ NonOS) - Hàng Chính Hãng,82
294_left,Laptop LG Gram 2021 14ZD90P-G.AX56A5 (Core i5-1135G7/ 16GB LPDDR4X/ 512GB SSD NVMe/ 14 WUXGA IPS/ NonOS) - Hàng Chính Hãng,82
292_left,Laptop LG Gram 2021 16Z90P-G.AH73A5 (Core i7-1165G7/ 16GB LPDDR4X/ 256GB SSD NVMe/ 16 WQXGA IPS/ Win10) - Hàng Chính Hãng,82
100_left,Laptop LG Gram 2020 14ZD90N-V.AX53A5 (Core i5-1035G7/ 8GB/ 256GB NVMe/ 14 FHD IPS/ NonOS/ White) - Hàng Chính Hãng,82
36_left,Laptop LG Gram 2020 14ZD90N-V.AX55A5 (Core i5-1035G7/ 8GB/ 512GB NVMe/ 14 FHD IPS/ NonOS) - Hàng Chính Hãng ,82
295_left,Laptop LG Gram 2021 17Z90P-G.AH78A5 (Core i7-1165G7/ 16GB LPDDR4X/ 1TB SSD NVMe/ 17 WQXGA IPS/ Win10) - Hàng Chính Hãng,82
269_left,Laptop LG Gram 2020 14Z90N-V.AR52A5 (Core i5-1035G7/ 8GB/ 256GB NVMe/ 14 FHD IPS/ Win10 Home Standard/ Silver) - Hàng Chính Hãng,82
122_left,Laptop LG Gram 2020 17Z90N-V.AH75A5 (Core i7-1065G7/ 8GB/ 512GB NVMe/ 17 WQXGA IPS (2560*1600)/ Win10 Home Plus/ Silver) - Hàng Chính Hãng,82
35_left,Laptop LG Gram 2020 14ZD90N-V.AX55A5 (Core i5-1035G7/ 8GB/ 512GB NVMe/ 14 FHD IPS/ NonOS) - Hàng Chính Hãng ,82
217_left,Laptop LG Gram 2020 15ZD90N-V.AX56A5 (Core i5-1035G7/ 8GB/ 512GB NVMe/ 15 FHD IPS/ NonOS/ White) - Hàng Chính Hãng,82
297_left,Laptop LG Gram 2021 17Z90P-G.AH76A5 (Core i7-1165G7/ 16GB LPDDR4X/ 512GB SSD NVMe/ 17 WQXGA IPS/ Win10) - Hàng Chính Hãng,82
179_left,Laptop LG Gram 2020 15Z90N-V.AR55A5 (Core i5-1035G7/ 8GB/ 512GB NVMe/ 15 FHD IPS/ Win10 Home Standard/ Silver) - Hàng Chính Hãng,82
178_left,Laptop LG Gram 2020 15Z90N-V.AR55A5 (Core i5-1035G7/ 8GB/ 512GB NVMe/ 15 FHD IPS/ Win10 Home Standard/ Silver) - Hàng Chính Hãng,82
293_left,Laptop LG Gram 2021 16Z90P-G.AH75A5 (Core i7-1165G7/ 16GB LPDDR4X/ 512GB SSD NVMe/ 16 WQXGA IPS/ Win10) - Hàng Chính Hãng,82
254_right,"Laptop LG gram 14'' Intel Core i5 Gen10, 256GB, Windows 10 home",83
186_left,"LapTop Lenovo ThinkBook 14 IML (20SL00MEVN) | Intel Core i7 _ 1065G7 | 8GB | 512GB SSD PCIe | VGA INTEL | Win 10 | 14"" Full HD IPS | Hàng Chính Hãng",84
18_left,Máy Tính Xách Tay Huawei Matebook D 14 R7 (8+512G) | H? ?i?u hành Windows 10 | Màn hình HUAWEI Fullview 14-inch | Huawei Share | Phím Ngu?n K?t H?p B?o M?t Vân Tay | Hàng chính hãng,84
126_left,LapTop Lenovo Ideapad 5 15ARE05 81YQ00BHVN | AMD Ryzen 5 4500U | 8GB | 512GB SSD PCIe | AMD Radeon Graphics | Win 10 | 15.6 inch Full HD IPS | Finger | LED KEY | Hàng Chính Hãng,84
127_left,LapTop Lenovo Ideapad 5 15ARE05 81YQ00BHVN | AMD Ryzen 5 4500U | 8GB | 512GB SSD PCIe | AMD Radeon Graphics | Win 10 | 15.6 inch Full HD IPS | Finger | LED KEY | Hàng Chính Hãng,84
15_left,"LapTop Lenovo V15 IIL 82C500STVN | Intel Core i5 _ 1035G1 | 8GB | 512GB SSD PCIe | GeForce MX330 with 2GB GDDR5 | 15,6 icnh Full HD | FreeDos | Hàng Chính Hãng",84
7_left,"LapTop Lenovo ThinkBook 15 IIL 20SM00D9VN | Core i3 _ 1005G1 | 4GB | 512GB SSD PCIe | Win 10 | 15,6'' FHD IPS | Hàng Chính Hãng",84
62_left,LapTop Lenovo V14 IIL - 82C400W3VN | Intel Core i5 _ 1035G1 | 4GB | 256GB SSD PCIe | VGA INTEL  | 14 inch HD | FreeDos | Hàng Chính Hãng,84
115_left,"LapTop Lenovo V15 IIL (82C500NJVN) | Intel Core i3 _ 1005G1 | 4GB | 256GB SSD PCIe | VGA INTEL | Win 10 | 15,6 inch HD | Hàng Chính Hãng",84
8_left,"LapTop Lenovo ThinkBook 15 IIL 20SM00D9VN | Core i3 _ 1005G1 | 4GB | 512GB SSD PCIe | Win 10 | 15,6'' FHD IPS | Hàng Chính Hãng",84
201_left,Dell Inspiron 5584Y : i7-8565U | 8GB RAM | 1TB HDD + 128GB SSD | GeForce MX130 4GB | 15.6 FHD | Win10 | Silver - Hàng chính hãng,84
81_left,"LapTop Lenovo Thinkbook 15 G2 ITL 20VE006WVN | Intel Tiger Lake Core i5 _ 1135G7 | 8GB | 512GB SSD PCIe | 15.6"" FHD IPS | Hàng Chính Hãng",84
170_left,"Laptop Asus ROG Strix SCAR 15 G533QR-HQ098T (AMD R9-5900HX/ 16GB (8GBx2) DDR4 3200MHz/ 1TB SSD PCIE G3X4/ RTX 3070 8GB GDDR6/ 15.6 WQHD IPS, 165 Hz, 3ms/ Win10) - Hàng Chính Hãng",85
116_left,"Laptop Asus ROG Strix SCAR 15 G533QM-HQ054T (AMD R7-5800H/ 16GB (8GBx2) DDR4 3200MHz/ 512GB SSD PCIE G3X4/ RTX 3060 6GB GDDR6/ 15.6 QHD IPS, 165 Hz, 3ms/ Win10) - Hàng Chính Hãng",85
220_left,"Laptop Asus ROG Strix SCAR 15 G533QR-HF113T (AMD R9-5900HX/ 16GB (8GBx2) DDR4 3200MHz/ 1TB SSD PCIE G3X4/ RTX 3070 8GB GDDR6/ 15.6 FHD IPS/ 300Hz, 3ms/ Win10) - Hàng Chính Hãng",85
188_left,"Laptop Asus ROG Strix SCAR 15 G533QM-HQ074T (AMD R9-5900HX/ 16GB (8GBx2) DDR4 3200MHz/ 1TB SSD PCIE G3X4/ RTX 3060 6GB GDDR6/ 15.6 WQHD IPS, 165 HZ, 3ms/ Win10) - Hàng Chính Hãng",85
132_left,"Laptop Asus ROG Strix SCAR 15 G533QM-HF089T (AMD R9-5900HX/ 16GB (8GBx2) DDR4 3200MHz/ 1TB SSD PCIE G3X4/ RTX 3060 6GB GDDR6/ 15.6 FHD IPS, 300Hz, 3ms/ Win10) - Hàng Chính Hãng",85
181_left,"Laptop ASUS ROG Strix G15 G512-IAL001T (Core i7-10750H/ 8GB DDR4 3200MHz/ 512GB SSD PCIE G3X4/ GTX 1650Ti 4GB GDDR6/ 15.6 FHD IPS, 144Hz/ Win10) - Hàng Chính Hãng",86
183_left,"Laptop ASUS TUF Gaming A17 FA706IU-H7133T (AMD Ryzen R7-4800H/ 8GB DDR4 3200MHz/ 512GB SSD M.2 PCIE G3X2/ GTX 1660Ti 6GB/ 17.3 FHD IPS, 120Hz/ Win10) - Hàng Chính Hãng",86
266_left,"Laptop MSI GL65 Leopard 10SCXK-093VN (Core i7-10750H/ 8GB DDR4 2666MHz/ 512GB SSD M.2 PCIE/ GTX 1650 4GB GDDR6/ 15.6 FHD IPS, 144Hz/ Win10) - Hàng Chính Hãng",86
78_left,"Laptop Acer Nitro 5 AN515-56-51N4 NH.QBZSV.002 (Core i5-11300H/ 8GB DDR4 3200MHz/ 512GB SSD M.2 PCIE/ GTX 1650 4GB GDDR6/ 15.6 FHD IPS, 144Hz/ Win10) - Hàng Chính Hãng",86
79_left,"Laptop Acer Nitro 5 AN515-56-51N4 NH.QBZSV.002 (Core i5-11300H/ 8GB DDR4 3200MHz/ 512GB SSD M.2 PCIE/ GTX 1650 4GB GDDR6/ 15.6 FHD IPS, 144Hz/ Win10) - Hàng Chính Hãng",86
25_left,"Laptop MSI Bravo 15 A4DCR-270VN (AMD Ryzen 5 4600H/ 8GB DDR4 3200MHz/ 256GB SSD M.2 PCIE/ AMD RX 5300M 3GB GDDR6/ 15.6 FHD IPS, 144Hz/ Win10) - Hàng Chính Hãng",86
239_left,Laptop MSI GF75 Thin 9RCX-432VN (Core i5-9300H/ 8GB DDR4 2666MHz/ 256GB SSD M.2 PCIE/ GTX 1050Ti 4GB/ 17.3 FHD IPS/ Win10) - Hàng Chính Hãng,86
105_left,"Laptop MSI GF63 Thin 10SCXR-1218VN (Core i5-10300H/ 8GB DDR4 2666MHz/ 512GB SSD M.2 PCIE/ GTX1650 4GB GDDR6 with Max-Q/ 15.6 FHD IPS, 144Hz/ Win10) - Hàng Chính Hãng",86
169_left,"Laptop Dell Gaming G5 5500 70228123 (Core i7-10750H/ 16GB (8GB x2) DDR4 3200MHz/ 512GB SSD M.2 PCIe/ RTX 2060 6GB GDDR6/ 15.6 FHD WVA, 144Hz/ Win10) - Hàng Chính Hãng",86
197_left,"Laptop MSI GS66 Stealth 10UG-073VN (Core i7-10870H/ 32GB (16GBx2) DDR4 3200MHz/ 2TB SSD PCIE G3X4/ RTX3070 Max-Q 8GB GDDR6/ 15.6 FHD IPS, 300Hz/ Win10) - Hàng Chính Hãng",86
200_left,"Laptop MSI GE66 Raider 10SFS-474VN (Core i7-10875H/ 32GB (16GB x2) DDR4 3200MHz/ 1TB SSD M.2 PCIe G3X4/ RTX 2070 Super 8GB GDDR6/ 15.6 FHD IPS , 300Hz/ Win10) - Hàng Chính Hãng",86
106_left,"Laptop MSI GF63 Thin 10SCXR-1218VN (Core i5-10300H/ 8GB DDR4 2666MHz/ 512GB SSD M.2 PCIE/ GTX1650 4GB GDDR6 with Max-Q/ 15.6 FHD IPS, 144Hz/ Win10) - Hàng Chính Hãng",86
202_left,"Laptop MSI GS66 Stealth 10SE-407VN (Core i7-10750H/ 16GB (8GBx2) DDR4 3200MHz/ 512GB SSD PCIE G3X4/ RTX 2060 6GB GDDR6/ 15.6 FHD IPS, 240Hz, 3ms/ Win10) - Hàng Chính Hãng",86
184_left,"Laptop MSI GL75 Leopard 10SDR-495VN (Core i7-10750H/ 16GB (8GBx2) DDR4 2666MHz/ 512GB SSD M.2 PCIE/ GTX 1660Ti 6GB GDDR6/ 17.3 FHD IPS, 144Hz/ Win10) - Hàng Chính Hãng",86
101_left,"Laptop MSI GF63 Thin 9SCSR-1057VN (Core i5-9300H/ 8GB DDR4 2666MHz/ 512GB SSD M.2 PCIE/ GTX 1650Ti 4GB GDDR6 with Max-Q Design/ 15.6 FHD IPS, 144Hz/ Win10) - Hàng Chính Hãng",86
215_left,"Laptop MSI GF63 Thin 10SC-014VN (Core i5-10200H/ 8GB DDR4 2666MHz/ 512GB SSD M.2 PCIE/ GTX1650 4GB GDDR6 with Max-Q/ 15.6 FHD IPS, 144Hz/ Win10) - Hàng Chính Hãng",86
90_left,"Laptop Asus TUF Gaming F15 FX506LU-HN138T (Core i7-10870H/ 8GB DDR4 3200MHz/ 512GB SSD M.2 PCIE G3X2/ GTX 1660Ti 6GB GDDR6/ 15.6 FHD IPS, 144Hz/ Win10) - Hàng Chính Hãng",86
261_left,"Laptop Acer Nitro 5 2020 AN515-55-55E3 NH.Q7QSV.002 (Core i5-10300H/ 16GB DDR4 2933MHz/ 512GB SSD M.2 PCIE/ RTX 2060 6GB GDDR6 / 15.6 FHD IPS, 144Hz, 3ms/ Win10) - Hàng Chính Hãng",86
110_left,"Laptop Acer Predator Helios 300 PH315-53-78TN NH.QAUSV.005 (Core i7-10750H/ 16GB (8GBx2) DDR4 3200MHz/ 512GB SSD M.2 PCIE G3X4 (Support RAID 0)/ RTX 3060 6GB GDDR6/ 15.6 FHD IPS, 300Hz, 3ms/ Win10) - Hàng Chính Hãng",86
113_left,"Laptop Dell Gaming G7 7500 G7500B (Core i7-10750H/ 8GB DDR4 3200MHz/ 512GB SSD M.2 PCIe/ GTX 1660Ti 6GB GDDR6/ 15.6 FHD WVA, 144Hz/ Win10) - Hàng Chính Hãng",86
114_left,"Laptop Asus ROG STRIX G15 G512-IHN281T (Core i7-10870H/ 8GB DDR4 3200MHz/ 512GB SSD PCIE G3X4/ GTX 1650Ti 4GB GDDR6/ 15.6 FHD IPS, 144Hz/ Win10) - Hàng Chính Hãng",86
91_left,Laptop Lenovo Ideapad Gaming 3 15IMH05 81Y40067VN (Core i7-10750H/ 8GB DDR4 2933MHz/ 512GB SSD M.2 NVMe/ GTX 1650 4GB GDDR6/ 15.6 FHD IPS/ Win10) - Hàng Chính Hãng,86
119_left,"Laptop Asus ROG Strix G15 G512L-UHN145T (Core i7-10750H/ 8GB DDR4 3200MHz/ 512GB SSD PCIE G3X4/ GTX 1660Ti 6GB GDDR6/ 15.6 FHD IPS, 144Hz/ Win10) - Hàng Chính Hãng",86
72_left,"Laptop Lenovo Legion 5 15ARH05 82B500GTVN (AMD R7-4800H/ 8GB DDR4 3200MHz/ 512GB SSD PCIE G3X4/ GTX 1650Ti 4GB GDDR6/ 15.6 FHD WVA, 144Hz/ Win10) - Hàng Chính Hãng",86
75_left,"Laptop Dell Gaming G3 3500 G3500A (Core i7-10750H/ 8GB (4GB x2) DDR4 3200MHz/ 512GB SSD M.2 PCIE/ GTX 1650Ti 4GB GDDR6/ 15.6 FHD IPS, 120Hz/ Win10) - Hàng Chính Hãng",86
54_left,"Laptop Asus ROG Strix G15 G512-IAL013T (Core i5-10300H/ 8GB DDR4 3200MHz/ 512GB SSD PCIE G3X4/ GTX 1650Ti 4GB GDDR6/ 15.6 FHD IPS, 144Hz/ Win10) - Hàng Chính Hãng",86
148_left,"Laptop MSI GF65 Thin 10UE-228VN (Core i7-10750H/ 16GB (8GBx2) DDR4 3200MHz/ 512GB SSD M.2 PCIE/ RTX 3060 6GB GDDR6 Max-Q/ 15.6 FHD IPS, 144Hz/ Win10) - Hàng Chính Hãng",86
149_left,"Laptop MSI GF65 Thin 10UE-228VN (Core i7-10750H/ 16GB (8GBx2) DDR4 3200MHz/ 512GB SSD M.2 PCIE/ RTX 3060 6GB GDDR6 Max-Q/ 15.6 FHD IPS, 144Hz/ Win10) - Hàng Chính Hãng",86
150_left,"Laptop Dell Gaming G5 5500 70225485 (Core i7-10750H/ 8GB (4GB x2) DDR4 2933MHz/ 512GB SSD M.2 PCIe/ GTX 1660Ti 6GB GDDR6/ 15.6 FHD WVA, 120Hz/ Win10) - Hàng Chính Hãng",86
151_left,"Laptop Dell Gaming G5 5500 70225485 (Core i7-10750H/ 8GB (4GB x2) DDR4 2933MHz/ 512GB SSD M.2 PCIe/ GTX 1660Ti 6GB GDDR6/ 15.6 FHD WVA, 120Hz/ Win10) - Hàng Chính Hãng",86
229_left,"Laptop Asus TUF Gaming A15 FA506QM-HN005T (ADM R7-5800H/ 16GB (8GBx2) DDR4 3200MHz/ 1TB SSD M.2 NVMe/ RTX 3060 6GB GDDR6/ 15.6 FHD IPS, 144Hz/ Win10) - Hàng Chính Hãng",86
274_left,Laptop Asus TUF Gaming A15 FA506II-AL012T (AMD Ryzen R5-4600H/ 8GB DDR4 3200MHz/ 512GB PCIe Gen3x2/ GTX 1650Ti 4GB/ 15.6 FHD IPS 144Hz/ Win10) - Hàng Chính Hãng,86
228_left,"Laptop Dell Gaming G3 3500 70223130 (Core i5-10300H/ 8GB (4GB x2) DDR4 3200MHz/ HDD 1TB 5400rpm + 256GB SSD M.2 PCIe/ GTX 1650 4GB GDDR6/ 15.6 FHD IPS, 120Hz/ Win10) - Hàng Chính Hãng",86
157_left,"Laptop Dell Gaming G3 3500 G3500B (Core i7-10750H/ 16GB (8GB x2) DDR4 3200MHz/ 512GB SSD M.2 PCIE/ GTX 1660Ti 6GB GDDR6/ 15.6 FHD IPS, 120Hz/ Win10) - Hàng Chính Hãng",86
158_left,"Laptop Acer Nitro 5 AN515-56-79U2 NH.QBZSV.001 (Core i7-11370H/ 8GB DDR4 3200MHz/ 512GB SSD M.2 PCIE/ GTX 1650 4GB GDDR6/ 15.6 FHD IPS, 144Hz/ Win10) - Hàng Chính Hãng",86
159_left,"Laptop Acer Nitro 5 AN515-45-R9SC NH.QBRSV.001 (AMD R7-5800H/ 8GB DDR4 3200MHz/ 512GB SSD M.2 PCIE/ RTX 3070 8GB GDDR6/ 15.6 FHD IPS, 144Hz/ Win10) - Hàng Chính Hãng",86
162_left,"Laptop Lenovo Legion 5P 15IMH05 82AY003EVN (Core i5-10300H/ 8GB DDR4 2933MHz/ 512GB SSD M.2 2280 PCIe NVMe/ GTX 1650Ti 4GB GDDR6/ 15.6 FHD WVA, 144Hz/ Win10) - Hàng Chính Hãng",86
225_left,"Laptop MSI GS66 Stealth 10UE-200VN (Core i7-10870H/ 16GB (8GBx2) DDR4 3200MHz/ 2TB SSD PCIE G3X4/ RTX3060 Max-Q 6GB GDDR6/ 15.6 FHD IPS, 300Hz/ Win10) - Hàng Chính Hãng",86
164_left,"Laptop Acer Nitro 5 AN515-45-R0B6 NH.QBCSV.001 (AMD R7-5800H/ 8GB DDR4 3200MHz/ 512GB SSD M.2 PCIE/ RTX 3060 6GB GDDR6/ 15.6 FHD IPS, 144Hz/ Win10) - Hàng Chính Hãng",86
165_left,Laptop Acer Nitro 5 2020 AN515-55-77P9 NH.Q7NSV.003 (Core i7-10750H/ 8GB DDR4 2933MHz/ 512GB SSD M.2 PCIE/ GTX 1650Ti 4GB GDDR6/ Win10) - Hàng Chính Hãng,86
41_left,"Laptop Acer Nitro 5 2020 AN515-55-5923 NH.Q7NSV.004 (Core i5-10300H/ 8GB DDR4 3200MHz/ 512GB SSD M.2 PCIE/ GTX 1650Ti 4GB GDDR6/ 15.6 FHD IPS, 144Hz/ Win10) - Hàng Chính Hãng",86
138_left,"Laptop Lenovo Legion 5P 15IMH05H 82AW005PVN (Core i5-10300H/ 8GB DDR4 2933MHz/ 512GB SSD M.2 2280 PCIe NVMe/ GTX 1660Ti 6GB GDDR6/ 15.6 FHD WVA, 144Hz/ Win10) - Hàng Chính Hãng",86
147_left,"Laptop MSI GF65 Thin 10UE-286VN (Core i5-10500H/ 16GB (8GBx2) DDR4 3200MHz/ 512GB SSD M.2 PCIE/ RTX 3060 6GB GDDR6/ 15.6 FHD IPS, 144Hz/ Win10) - Hàng Chính Hãng",86
283_left,"Laptop Lenovo IdeaPad Gaming 3 15IMH05 81Y400X0VN (Core i5-10300H/ 8GB DDR4 2933MHz/ 512GB M.2 2280 PCIe 3.0x4 NVMe/ GTX 1650 4GB GDDR6/ 15.6 FHD IPS, 120Hz/ Win10) - Hàng Chính Hãng",86
74_left,"Laptop Dell Gaming G3 3500 G3500A (Core i7-10750H/ 8GB (4GB x2) DDR4 3200MHz/ 512GB SSD M.2 PCIE/ GTX 1650Ti 4GB GDDR6/ 15.6 FHD IPS, 120Hz/ Win10) - Hàng Chính Hãng",86
198_left,"Laptop Acer Nitro 5 AN515-45-R3SM NH.QBMSV.005 (AMD R5-5600H/ 8GB DDR4 3200MHz/ 512GB SSD M.2 PCIE/ GTX 1650 4GB GDDR6/ 15.6 FHD IPS, 144Hz/ Win10) - Hàng Chính Hãng",86
268_left,"Laptop MSI GP65 Leopard 9SD-224VN (Core i7-9750H/ 16GB DDR4 2666MHz/ 512GB SSD PCIE/ GTX 1660Ti 6GB/ 15.6 FHD IPS 144Hz, 3ms/ Win10) - Hàng Chính Hãng",86
67_left,"Laptop Asus TUF Gaming F15 FX506LI-HN096T (Core i7-10870H/ 8GB DDR4 3200MHz/ 512GB SSD M.2 PCIE G3X2/ GTX 1650Ti 4GB GDDR6/ 15.6 FHD IPS, 144Hz/ Win10) - Hàng Chính Hãng",86
63_left,"Laptop MSI GF63 Thin 9SCSR-846VN (Core i7-9750H/ 8GB DDR4 2666MHz/ 512GB SSD M.2 PCIE/ GTX 1650Ti 4GB GDDR5 with Max-Q/ 15.6 FHD IPS, 144Hz/ Win10) - Hàng Chính Hãng",86
73_left,"Laptop MSI Bravo 17 A4DDR-200VN (AMD Ryzen 5 4600H/ 16GB DDR4 3200MHz/ 512GB SSD M.2 PCIE/ AMD RX 5500M 4GB GDDR6/ 17.3 FHD IPS, 144Hz/ Win10) - Hàng Chính Hãng",86
65_left,"Laptop MSI GF63 Thin 9SCSR-846VN (Core i7-9750H/ 8GB DDR4 2666MHz/ 512GB SSD M.2 PCIE/ GTX 1650Ti 4GB GDDR5 with Max-Q/ 15.6 FHD IPS, 144Hz/ Win10) - Hàng Chính Hãng",86
64_left,"Laptop MSI GF63 Thin 9SCSR-846VN (Core i7-9750H/ 8GB DDR4 2666MHz/ 512GB SSD M.2 PCIE/ GTX 1650Ti 4GB GDDR5 with Max-Q/ 15.6 FHD IPS, 144Hz/ Win10) - Hàng Chính Hãng",86
123_left,Laptop Acer Nitro AN515-43-R4VJ NH.Q6ZSV.004 (AMD R7-3750H/ 8GB DDR4 2666MHz/ 512GB SSD M.2 PCIE/ GTX 1650 4GB GDDR5/ 15.6 FHD IPS/ Win10) - Hàng Chính Hãng,86
288_left,Laptop HP Pavilion 15-eg0005TX 2D9C6PA (Core i5-1135G7/ 8GB (8GBx1) DDR4 3200MHz/ 512GB PCIe NVMe/ MX450 2GB GDDR5/ 15.6 FHD IPS/ Win10 + Office) - Hàng Chính Hãng,87
32_left,Laptop HP Pavilion 15-eg0003TX 2D9C5PA (Core i5-1135G7/ 4GB (4GBx1) DDR4 3200MHz/ 256GB PCIe NVMe/ MX450 2GB GDDR5/ 15.6 FHD IPS/ Win10 + Office) - Hàng Chính Hãng,87
180_left,Laptop HP Pavilion 15-eg0073TU 2P1N4PA (Core i3-1115G4/ 4GB (4GBx1) DDR4 3200MHz/ 512GB PCIe NVMe M.2 SSD/ 15.6 FHD IPS/ Win10 + Office) - Hàng Chính Hãng,87
55_left,Laptop HP Pavilion 15-eg0006TX 2D9C9PA (Core i5-1135G7/ 8GB (8GBx1) DDR4 3200MHz/ 512GB PCIe NVMe M.2 SSD/ MX450 2GB GDDR5/ 15.6 FHD IPS/ Win10 + Office) - Hàng Chính Hãng,87
61_left,Laptop HP Pavilion 15-eg0007TX 2D9D5PA (Core i7-1165G7/ 8GB (8GBx1) DDR4 3200MHz/ 512GB PCIe NVMe M.2 SSD/ MX450 2GB GDDR5/ 15.6 FHD IPS/ Win10 + Office) - Hàng Chính Hãng,87
66_left,Laptop HP Pavilion 15-eg0009TU 2D9K6PA (Core i3-1115G4/ 4GB DDR4 3200MHz/ 512GB PCIe NVMe M.2 SSD/ 15.6 FHD IPS/ Win10 + Office) - Hàng Chính Hãng,87
56_left,Laptop HP Pavilion 15-eg0006TX 2D9C9PA (Core i5-1135G7/ 8GB (8GBx1) DDR4 3200MHz/ 512GB PCIe NVMe M.2 SSD/ MX450 2GB GDDR5/ 15.6 FHD IPS/ Win10 + Office) - Hàng Chính Hãng,87
167_left,Laptop HP Pavilion 15-eg0072TU 2P1N3PA (Core i7-1165G7/ 8GB (8GBx1) DDR4 3200MHz/ 512GB PCIe NVMe M.2/ 15.6 FHD IPS/ Win10 + Office) - Hàng Chính Hãng,87
95_left,Laptop HP Pavilion x360 14-dw1017TU 2H3L9PA (Core i3-1115G4/ 4GB DDR4 3200MHz/ 512 GB PCIe/ 14 FHD Touch IPS/ Win10 + Office) - Hàng Chính Hãng,87
27_left,Laptop HP Pavilion x360 14-dw1016TU 2H3Q0PA (Core i3-1115G4/ 4GB DDR4 3200MHz/ 256 GB PCIe NVMe M.2 SSD/ 14 FHD IPS Touch/ Win10 + Office) - Hàng Chính Hãng,87
246_left,Combo Laptop AVITA LIBER V 14 màu ?en m? + Balo - Hàng chính hãng,88
231_left,Laptop Avita Liber V14 NS14A8VNF561-SGB (Core i5-10210U / 8GB DDR4 2400MHz/ 512GB SSD M.2 SATA/ 14 FHD/ Win10) - Hàng Chính Hãng,88
245_left,Combo Laptop AVITA LIBER V 14 màu ?ám mây b?c + Balo - Hàng chính hãng,88
211_left,Laptop Avita Liber V14 NS14A8VNR571-CGB (Core i7-10510U/ 8GB DDR4 2400MHz/ 1TB SSD M.2 SATA/ 14 FHD IPS/ Win10) - Hàng Chính Hãng,88
204_left,Laptop Avita Liber V14 NS14A8VNW561-UGAB (AMD R7-3700U/ 8GB DDR4 2400MHz/ 512GB SSD M.2 SATA/ 14 FHD IPS/ Win10) - Hàng Chính Hãng,88
29_left,Laptop HP ProBook 455 G7 1A1A9PA (AMD R5-4500U/ 4GB DDR4 3200MHz/ 256GB SSD M.2 PCIE/ 15.6 FHD IPS/ Win10) - Hàng Chính Hãng,89
69_left,Laptop MSI Prestige 15 A11SCX-209VN (Core i7-1185G7/ 16GB (8GB x2) DDR4 3200MHz/ 512GB PCIe Gen4x4/ GTX 1650 4GB GDDR6 with Max-Q Design/ 15.6 FHD IPS/ Win10) - Hàng Chính Hãng,89
39_left,Laptop HP Envy 13-ba1028TU 2K0B2PA (Core i5-1135G7/ 8GB DDR4 2666MHz (Onboard)/ 512GB PCIe NVMe/ 13.3 FHD IPS/ Win10 + Office Home & Student) - Hàng Chính Hãng,89
47_left,Laptop HP Envy x360 13-ay0067AU 171N1PA (AMD R5-4500U/ 8GB DDR4 Onboard/ 256GB PCIe NVMe M.2 SSD/ 13.3 FHD Multitouch/ Win10) - Hàng Chính Hãng,89
45_left,Laptop MSI Modern 14 B11SB-244VN (Core i5-1135G7/ 8GB DDR4 3200MHz/ 512GB PCIe NVMe/ MX450 2GB GDDR5/ 14 FHD IPS/ Win10) - Hàng Chính Hãng,89
38_left,Laptop HP Envy 13-ba1028TU 2K0B2PA (Core i5-1135G7/ 8GB DDR4 2666MHz (Onboard)/ 512GB PCIe NVMe/ 13.3 FHD IPS/ Win10 + Office Home & Student) - Hàng Chính Hãng,89
53_left,Laptop HP Envy x360 13-ay0069AU 171N3PA (AMD R7-4700U/ 8GB DDR4 Onboard/ 256GB PCIe NVMe M.2 SSD/ 13.3 FHD Multitouch/ Win10) - Hàng Chính Hãng,89
44_left,Laptop MSI Modern 14 B11SB-244VN (Core i5-1135G7/ 8GB DDR4 3200MHz/ 512GB PCIe NVMe/ MX450 2GB GDDR5/ 14 FHD IPS/ Win10) - Hàng Chính Hãng,89
43_left,Laptop MSI Modern 14 B11MO-073VN (Core i7-1165G7/ 8GB DDR4 3200MHz/ 512GB PCIe NVMe/ 14 FHD IPS/ Win10) - Hàng Chính Hãng,89
40_left,Laptop HP Envy 13-ba1028TU 2K0B2PA (Core i5-1135G7/ 8GB DDR4 2666MHz (Onboard)/ 512GB PCIe NVMe/ 13.3 FHD IPS/ Win10 + Office Home & Student) - Hàng Chính Hãng,89
241_left,Laptop HP ProBook 430 G8 2H0N7PA (Core i5-1135G7/ 4GB DDR4 3200MHz/ 512GB SSD PCIe NVMe/ 13.3 FHD IPS/ Win10) - Hàng Chính Hãng,89
240_left,Laptop Acer Swift 3X SF314-510G-5742 NX.A10SV.003 (Core i5-1135G7/ 16GB LPDDR4X 4266MHz/ 1TB SSD M.2 PCIE Gen3x4/ 14 FHD IPS/ Win10) - Hàng Chính Hãng,89
253_left,Laptop Acer Swift 3 SF314-58-39BZ NX.HPMSV.007 (Core i3-10110U/ 8GB (4GB x2) DDR4 2400MHz/ 512GB SSD M.2 PCIe NVMe/ 14 FHD IPS/ Win10) - Hàng Chính Hãng,89
249_left,Laptop Acer Swift 5 SF514-55T-51NZ NX.HX9SV.002 (Core i5-1135G7/ 8GB LPDDR4x 4267MHz/ 512GB PCIe NVMe SSD/ 14 FHD IPS Touch/ Win10) - Hàng Chính Hãng,89
21_left,Laptop Asus ZenBook UX325EA-EG079T (Core i5-1135G7/ 8GB LPDDR4X 3200MHz/ 256GB SSD M.2 PCIE G3X2/ 13.3 FHD IPS/ Win10) - Hàng Chính Hãng,89
172_left,Laptop MSI Modern 14 B11SB-074VN (Core i5-1135G7/ 8GB DDR4 3200MHz/ 512GB PCIe NVMe/ MX450 2GB GDDR5/ 14 FHD IPS/ Win10) - Hàng Chính Hãng,89
22_left,Laptop Asus ZenBook UX325EA-EG081T (Core i5-1135G7/ 8GB LPDDR4X 3200MHz/ 256GB SSD M.2 PCIE G3X2/ 13.3 FHD IPS/ Win10) - Hàng Chính Hãng,89
125_left,Laptop MSI Prestige 14 A11SCX-282VN (Core i7-1185G7/ 8GB LPDDR4X/ 512GB PCIe NVMe Gen4x4/ GTX1650 4GB GDDR6 with Max-Q/ 14 FHD IPS/ Win10) - Hàng Chính Hãng,89
156_left,Laptop Dell XPS 13 9310  2in1 70234076 (Core i5-1135G7/ 8GB LPDDR4x 4267MHz/ 512GB M.2 2280 PCIe NVMe Gen3 x4/ 13.4 FHD IPS Touch/ Win10) - Hàng Chính Hãng,89
130_left,Laptop HP Envy Wood 13-aq1047TU 8XS69PA (Core i7-10510U/ 8GB DDR4 2400MHz/ 512GB PCIe NVMe/ 13.3 FHD IPS/ Win10) - Hàng Chính Hãng,89
133_left,Laptop HP ProBook 430 G8 2H0N8PA (Core i5-1135G7/ 8GB DDR4 3200MHz/ 256GB SSD PCIe NVMe/ 13.3 FHD IPS/ Win10) - Hàng Chính Hãng,89
17_left,Laptop HP 15s-fq2027TU 2Q5Y3PA (Core i5-1135G7/ 8GB DDR4 2666MHz/ 512GB PCIe NVMe/ 15.6 SVA/ Win10) - Hàng Chính Hãng,89
14_left,Laptop HP Envy 13-ba1027TU 2K0B1PA (Core i5-1135G7/ 8GB DDR4 3200MHz (Onboard)/ 256GB PCIe NVMe M.2/ 13.3 FHD IPS/ Win10) - Hàng Chính Hãng,89
213_left,Laptop Acer Swift 3X SF314-510G-57MR NX.A10SV.004 (Core i5-1135G7/ 8GB LPDDR4X 4266MHz/ 512GB SSD M.2 PCIE Gen3x4/ 14 FHD IPS/ Win10) - Hàng Chính Hãng,89
192_left,Laptop Acer Swift 3 SF314-59-568P NX.A0MSV.002 (Core i5-1135G7/ 8GB LPDDR4X 4267MHz/ 1TB SSD M.2 PCIe NVMe/ 14 FHD IPS/ Win10) - Hàng Chính Hãng,89
212_left,Laptop Acer Swift 3X SF314-510G-57MR NX.A10SV.004 (Core i5-1135G7/ 8GB LPDDR4X 4266MHz/ 512GB SSD M.2 PCIE Gen3x4/ 14 FHD IPS/ Win10) - Hàng Chính Hãng,89
155_left,Laptop MSI Modern 15 A11M-200VN (Core i5-1135G7/ 8GB DDR4 3200MHz/ 512GB PCIe NVMe/ 15.6 FHD IPS/ Win10) - Hàng Chính Hãng,89
207_left,Laptop MSI Prestige 14 A11M-206VN (Core i5-1135G7/ 8GB LPDDR4X-4267/ 512GB PCIe NVMe Gen4x4/ 14 FHD IPS/ Win10) - Hàng Chính Hãng,89
144_left,Laptop HP ProBook 430 G8 2H0N9PA (Core i5-1135G7/ 8GB DDR4 3200MHz/ 512GB SSD PCIe NVMe/ 13.3 FHD IPS/ Win10) - Hàng Chính Hãng,89
175_left,Laptop HP ProBook 450 G8 2H0U4PA (Core i3-1115G4/ 8GB (8GBx1) DDR4 3200MHz/ 256GB SSD M.2 PCIe/ 15.6 HD IPS/ Win10) - Hàng Chính Hãng,89
143_left,Laptop Acer Swift 3 SF313-53-503A NX.A4JSV.002 (Core i5-1135G7/ 8GB LPDDR4X 4266MHz/ 512GB SSD M.2 PCIE Gen3x4/ 13.5 QHD IPS/ Win10) - Hàng Chính Hãng,89
13_left,Laptop HP Envy 13-ba1027TU 2K0B1PA (Core i5-1135G7/ 8GB DDR4 3200MHz (Onboard)/ 256GB PCIe NVMe M.2/ 13.3 FHD IPS/ Win10) - Hàng Chính Hãng,89
289_left,Laptop HP 340s G7 36A35PA (Core i5-1035G1/ 8GB DDR4 2666MHz/ 512GB PCIe NVMe/ 14 FHD/ Win10) - Hàng Chính Hãng,90
227_left,Laptop HP 340s G7 i5-1035G1/4GD4/512GSSD/14.0FHD/FP/WL/BT/3C41WHr/XÁM/W10SL_2G5C3PA Hàng chính hãng,90
232_left,Laptop HP 340s G7 )i5-1035G1/8GD4/512GSSD/14.0FHD/FP/WL/BT/3C41WHr/XÁM/W10SL) 36A35PA - Hàng chính hãng,90
264_left,Laptop HP 340s G7 i7-1065G7/8GD4/256GSSD/14.0FHD/FP/WL/BT/3C41WHr/XÁM/W10SL_36A36PA Hàng chính hãng,90
243_left,Laptop Hp 340s G7 (i7-1065G7/8GD4/512GSSD/14.0FHD/FP/WL/BT/3C41WHr/XÁM/W10SL) - 36A37PA - Hàng chính hãng,90
214_left,Laptop HP 340s G7 2G5C6PA (Core i7-1065G7/ 4GB (1x4GB) DDR4 2666MHz/ 256GB PCIe NVMe M.2 SSD/ 14 FHD/ Win10) - Hàng Chính Hãng,90
71_left,Laptop HP 340s G7 240Q4PA (Core i3-1005G1/ 4GB DDR4 2666MHz/ 256GB SSD M.2 NVMe/ 14 FHD IPS/ Win10) - Hàng Chính Hãng,90
11_left,Laptop HP 14s-dk1055au 171K9PA (AMD R3-3250U /4GB/ 256GB SSD/ 14 HD/ Win10) - Hàng Chính Hãng,91
263_left,Laptop HP 245 G8 (342G2PA) (R3 3250U/4GB RAM/256GB SSD/14 FHD/Win/B?c) - Hàng chính hãng,91
286_left,Laptop HP 240 G8 342G5PA (Core i3-1005G1/ 4GB/ 256GB  SSD/ 14 FHD/ WIN10) - Hàng Chính Hãng,91
86_left,Laptop HP ProBook 440 G8 2Z6G9PA (Core i3-1115G4/ 4GB(1 x 4GB) DDR4 3200Mhz/ 256GB PCIe NVMe SSD/ 14 HD/ DOS) - Hàng Chính Hãng,91
238_left,Notebook HP Probook 450 G8_2H0Y1PA ( i7-1165G7/16GD4/512GSSD/15.6FHD_1000PCY/WL/BT/3C/ALU/B?C/W10SL/LED KB/2G_MX450)- Hàng Chính Hãng,91
244_left,Laptop HP 250 G8 389X8PA (Core i3-1005G1/ 4GB/ 256GB M.2/ 15.6 HD/ Win10) - Hàng Chính Hãng,91
240_right,Laptop HP 15s-fq1106TU (193Q2PA)- hàng chính hãng,91
377_right,Laptop HP ProBook 450 G6 6FH07PA - B?c - Hàng chính hãng,91
173_left,Laptop HP Probook 430 G8 2Z6E8PA (Core i3-1115G4/ 4GB DDR4 3200MHz/ 256GB PCIe NVMe/ 13.3 HD/ DOS) - Hàng Chính Hãng,91
250_left,Laptop HP Envy 13-ba1027TU 2K0B1PA(Core i5-1135G7/8GB/256GB PCIE/13.3FHD/WIN10+OFFICE/VÀNG) - Hàng chính hãng,91
34_left,"Laptop HP 15s-du1055TU, Pentium 6405U(2.40 GHz,2MB),4GB RAM,256GB SSD,Intel Graphics,15.6""HD,Win 10 Home 64,Silver_1W7P3PA - Hàng Chính Hãng",91
258_left,"Laptop HP Probook 430 G6 i7-8565U/8GB/1TB/13.3""FHD/Fp/Alu/B?c 5YN01PA- Hàng Chính Hãng",91
129_left,Laptop HP ProBook 430 G8 2H0N5PA (core i3-1115G4/ 4GB/ 256GB SSD/ 13.3 FHD/ Win10) - Hàng Chính Hãng,91
141_left,"Laptop HP 245 G8 345R8PA (AMD R5 3500U/4GB RAM/256GB SSD/14""FHD/Win10/B?c) - Hàng chính hãng",91
218_left,Laptop HP ProBook 440 G8 2H0R5PA (Core i3-1115G4/ 4GB/ 256GB SSD/ 14 HD/ Win10) - Hàng Chính Hãng,91
99_left,"Laptop HP 348 G7 9PG79PA (i3-8130U/4Gb/256Gb SSD/14""/VGA ON/Dos/Silver)- Hàng Chính Hãng",91
279_left,Laptop HP Probook 430 G8 2Z6F1PA (Core i7-1165G7/ 8GB/ 512GB/ 13.3 FHD/ FreeDos) - Hàng Chính Hãng,91
140_left,"Laptop HP 245 G8 345R8PA (AMD R5 3500U/4GB RAM/256GB SSD/14""FHD/Win10/B?c) - Hàng chính hãng",91
259_left,Laptop HP 245 G8 (345R8PA) (R5 3500U/4GB RAM/256GB SSD/14 FHD/Win/B?c) - Hàng chính hãng,91
153_left,"Laptop MSI GF63 10SC-020VN ?en (CPU I7-10750H, Ram 8GB, Ssd512gb, Vga 4Gb GTX1650 , Win10 ,15.6 inch FHD) - Hàng chính hãng",92
154_left,"Laptop MSI GF63 10SC-020VN ?en (CPU I7-10750H, Ram 8GB, Ssd512gb, Vga 4Gb GTX1650 , Win10 ,15.6 inch FHD) - Hàng chính hãng",92
193_left,"Laptop MSI GF75 10SC- 013VN ?en (CPU i7-10750H, RAM 8GB, ssd 512GB NVMe PCIe , VGA GTX 1650 ,GDDR5 4GB, Win 10, 17.3 inch FHD) - Hàng chính hãng",92
235_left,"Laptop Gaming MSI GF65 THIN 10UE 286VN, Intel Core i5 10500H, 16GB Ram,SSD 512GB, Geforce RTX 3060 6GB, 15.6” IPS 144HZ, Backlight Keyboard, Win 10 Hàng chính hãng",93
205_left,Laptop Dell Inspiron 15 5502 N5I5310W (Core i5-1135G7/ 8GB DDR4 3200MHz/ 512GB M.2 PCIe NVMe/ MX330 2GB/ 15.6 FHD/ Win10) - Hàng Chính Hãng,94
210_left,Laptop Dell Vostro 5502 V5502A (Core i7-1165G7/ 16GB DDR4 3200MHz/ 512GB SSD M.2 PCIE/ MX330 2GB GDDR5/ 15.6 FHD/ Win10) - Hàng Chính Hãng,94
9_left,Laptop Dell Inspiron 3501 N3501C (Core i3-1115G4/ 4GB/ 256GB SSD/ 15.6 FHD/ Win10) - Hàng Chính Hãng,94
136_left,Laptop Dell Vostro 5490 V4I5106W (Core 5-10210U/ 8GB DDR4 2666MHz/ 256GB M.2 PCIe NVMe/ 14 FHD/ Win10) - Hàng Chính Hi?u,94
10_left,Laptop Dell Inspiron 3501 N3501C (Core i3-1115G4/ 4GB/ 256GB SSD/ 15.6 FHD/ Win10) - Hàng Chính Hãng,94
57_left,Laptop Lenovo IdeaPad 3 14ITL6 82H7003UVN (Core i5-1135G7/ 8GB (4GB x2) DDR4 3200MHz/ 512GB SSD M.2 2242 PCIe 3.0x4 NVMe/ 14 FHD/ Win10) - Hàng Chính Hãng,94
135_left,Laptop Dell Vostro 5490 V4I5106W (Core 5-10210U/ 8GB DDR4 2666MHz/ 256GB M.2 PCIe NVMe/ 14 FHD/ Win10) - Hàng Chính Hi?u,94
58_left,Laptop Dell Vostro 15 3500 V3500B (Core i5-1135G7/ 8GB/ 256GB SSD/ MX330 2GB/ 15.6 FHD/ Win10) - Hàng Chính Hãng,94
59_left,Laptop Dell Vostro 15 3500 V3500B (Core i5-1135G7/ 8GB/ 256GB SSD/ MX330 2GB/ 15.6 FHD/ Win10) - Hàng Chính Hãng,94
60_left,Laptop Dell Vostro 15 3500 V3500B (Core i5-1135G7/ 8GB/ 256GB SSD/ MX330 2GB/ 15.6 FHD/ Win10) - Hàng Chính Hãng,94
209_left,Laptop Dell Vostro 5502 V5502A (Core i7-1165G7/ 16GB DDR4 3200MHz/ 512GB SSD M.2 PCIE/ MX330 2GB GDDR5/ 15.6 FHD/ Win10) - Hàng Chính Hãng,94
120_left,Laptop Dell Inspiron 7306 N3I5202W (Core i5-1135G7/ 8GB (4GBx2) LPDDR3 4267MHz/ 512GB SSD M.2 PCIe NVMe/ 13.3 FHD/ Win10) - Hàng Chính Hãng,94
33_left,Laptop DELL Inspiron 15 7501 X3MRY1 (Core i7-10750H/ 8GB/ 512GB SSD PCIe/ GTX 1650Ti 4GB GDDR6/ 15.6 FHD/ Win10) - Hàng Chính Hãng,94
273_left,Laptop Dell Inspiron 3501 70234074 (Core i5-1135G7/ 8GB/ 512GB SSD/ MX330 2G/ 15.6 FHD/ Win10) - Hàng Chính Hãng,94
230_left,Laptop Lenovo Ideapad Slim 3-14IIL05 81WD00VJVN (Core i3-1005G1/ 4GB DDR4 2666MHz/ 256GB M.2/ 14 FHD/ Win10) - Hàng Chính Hãng,94
98_left,Laptop Dell Inspiron 7490 N4I5106W (Core i5-10210U/ 8GB LPDDR3 2133MHz/ 512GB PCIe NVMe/ MX250 2GB/ 14 FHD/ Win10) - Hàng Chính Hãng,94
189_left,Laptop Dell Inspiron 3505 Y1N1T1 (AMD R3-3250U/ 8GB/ 256GB SSD/ 15.6 FHD/ Win10) - Hàng Chính Hãng,94
203_left,Laptop Lenovo Ideapad S145-15API 81UT00F1VN (AMD R5-3500U/ 4GB DDR4 2400Mhz/ 512GB M.2 2280 PCIe/ 15.6 FHD/ Win10) - Hàng Chính Hãng,94
260_left,Laptop Dell Vostro 5502 NT0X01 (Core i5-1135G7/ 8GB DDR4 3200MHz/ 512GB M.2 PCIe NVMe/ MX330 2GB GDDR5/ 15.6 FHD/ Win10) - Hàng Chính Hãng,94
163_left,Laptop Lenovo Ideapad 5-15IIL05-81YK004VVN (Core i5-1035G1/ 8GB Onboard DDR4 3200MHz/ 256GB SSD M.2 NVMe/ MX330 2GB GDDR5/ Win10) - Hàng Chính Hãng,94
16_left,Laptop Dell Inspiron 3593 N3593C | Core i3-1005G1/ 4GB DDR4 2666MHz/ SSD 256GB PCIe/ 15.6 FHD/ Win10 - Hàng Chính Hãng,94
26_left,Laptop Lenovo IdeaPad 5 14ITL05 82FE00BFVN (Core i5-1135G7/ 8GB DDR4 3200MHz/ 512GB SSD M.2 2242 PCIe 3.0x4 NVMe/ 14 FHD/ Win10) - Hàng Chính Hãng,94
224_left,Laptop Dell Vostro 13 5301 C4VV91 (Core i5-1135G7/ 8GB LPDDR4x 4267MHz/ 256GB M.2 PCIe NVMe/ 13.3 FHD/ Win10) - Hàng Chính Hãng,94
277_left,Laptop Dell Vostro 3500 7G3982 (Core i7-1165G7/ 8GB DDR4 3200MHz/ 512GB SSD M.2 PCIE/ MX330 2GB GDDR5/ 15.6 FHD/ Win10) - Hàng Chính Hãng,94
255_left,Laptop Dell Inspiron 15 5502 1XGR11 (Core i5-1135G7/ 8GB DDR4 3200MHz/ 512GB M.2 PCIe Gen3 x4 NVMe/ 15.6 FHD/ Win10) - Hàng Chính Hãng,94
185_left,Laptop Dell Inspiron 5301 70232601 (Core i7-1165G7/ 8GB LPDDR4 4267MHz/ 512GB SSD M.2 PCIE/ MX350 2GB GDDR5/ 13.3 FHD WVA/ Win10) - Hàng Chính Hãng,94
96_left,Laptop Dell Vostro 3400 V4I7015W (Core i7-1165G7/ 8GB/ 512GB/ MX330 2G /14 FHD/ Win10) - Hàng Chính Hãng,94
218_right,Laptop ASUS X409MA-BV260T B?c N5030/ 4GB/ 256GB/ OB/ 14 FHD/ WIN 10 - Hàng chính hãng,95
46_left,Laptop Asus ExpertBook P2451FA-EK1620T (Core i5-10210U/ 8GB DDR4 2666MHz SDRAM/ 512GB PCIe Gen3 x2 SSD M.2/ 14 FHD/ Win10) - Hàng Chính Hãng,95
23_left,Laptop Asus Vivobook X515EA-EJ062T (Core i3-1115G4/ 4GB Onboard DDR4 2666MHz/ 512GB SSD M.2 PCIE G3X4/ 15.6 FHD/ Win10) - Hàng Chính Hãng,95
256_left,Laptop Asus VivoBook S533EA-BN115T (Core Core i5-1135G7/ 8GB DDR4 3200MHz/ 512GB SSD M.2 PCIE G3X2/ 15.6 FHD IPS/ Win10) - Hàng Chính Hãng,95
24_left,Laptop Asus VivoBook S14 S433EA-AM439T (Core i5-1135G7/ 8GB DDR4 3200MHz/ 512GB SSD M.2 PCIE G3X2/ 14 FHD IPS/ Win10) - Hàng Chính Hãng,95
290_left,Laptop Asus TM420IA-EC031T (AMD R5-4500U/ 8GB DDR4 3200MHz/ 512GB SSD M.2 PCIE/ 14 FHD Touch/ Win10) - Hàng Chính Hãng,95
142_left,Laptop Asus Vivobook X415MA-BV088T (Pen N5030/ 4GB/ 256GB SSD/ 14 HD/ Win10) - Hàng Chính Hãng,95
93_left,"Laptop Asus Vivobook S15 S530FN-BQ128T Core i5-8265U/Win10 (15.6"" FHD IPS) - Hàng Chính Hãng",95
161_left,Laptop Asus ExpertBook P2451FA-EK1621 (Core i5 10210U/ 8GB DDR4 2666MHz SDRAM/ 1TB 54R HDD + 256GB SSD/ 14 FHD/ DOS) - Hàng Chính Hãng,95
194_left,Laptop Asus VivoBook Flip 14 TP470EA-EC027T (Core i3-1115G4/ 4GB DDR4/ 512GB Pcle/ 14.1 FHD IPS  Touch/ Win10) - Hàng Chính Hãng,95
92_left,Laptop Asus Vivobook R564JA-UH51T (Core i5-1035G1/ 8GB/ 256GB PCIE/ 15.6 FHD Touch/ Win10)  - Nh?p Kh?u Chính Hãng,95
124_left,Laptop Asus ExpertBook P2451FA-EK1622 (Core i7-10510U/ 8GB DDR4 2666MHz SDRAM/ 512GB SSD/ 14 FHD/ DOS) - Hàng Chính Hãng,95
88_left,Laptop Asus Vivobook D515UA-EJ082T (AMD R7-5700U/ 8GB DDR4 2666MHz/ 15.6 FHD/ Win10) - Hàng Chính Hãng,95
196_left,"Laptop Asus Vivobook Flip TM420UA-EC022T Black (Cpu R5 - 5500 (2.10 Ghz, 8 MB),RAM 4GB onboard + 4Gb DDR4, Ssd 512GB, Vga AMD Radeon Graphics, 14.0 inch FHD, FP,Touch, G?p xoay, Win 10) - Hàng chính hãng",95
30_left,Laptop Asus VivoBook S15 S533EA-BQ018T (Core i5-1135G7/ 8GB DDR4 3200MHz/ 512GB M.2 NVMe PCIe 3.0/ 15.6 FHD/ Win10) - Hàng Chính Hãng,95
48_left,Laptop Asus VivoBook S15 S533EQ-BQ011T (Core i5-1135G7/ 8GB DDR4 3200MHz/ 512GB SSD M.2 PCIE G3X2/ MX350 2GB GDDR5/ 15.6 FHD/ Win10) - Hàng Chính Hãng,95
182_left,Laptop Asus VivoBook M513UA-EJ033T (AMD R7-5700U/ 8GB (4GB Onboard + 4GB) DDR4 3200MHz/ 512GB SSD M.2 PCIE G3X2/ 15.6 FHD/ Win10) - Hàng Chính Hãng,95
28_left,Laptop Asus Vivobook D409DA-EK152T (AMD R5-3500U/ 4GB DDR4 2400MHz/ 256GB SSD M.2 PCIE/ 14 FHD/ Win10) - Hàng Chính Hãng,95
12_left,Laptop Asus Vivobook X515MA-BR112T (N4020/ 4G/ 256GB SSD/ 15.6 HD/ Win10) - Hàng Chính Hãng,95
117_left,Laptop Asus Vivobook X415MA-BV087T (Celeron N4020/ 4GB DDR4 2400MHz/ 256GB SSD M.2 PCIE G3X4/ 14 HD/ Win10) - Hàng Chính Hãng,95
42_left,Laptop Asus Vivobook 14 X409MA-BV260T (Pentium N5030/ 4GB DDR4/ 256GB PCIe/ 14 HD/ Win10) - Hàng Chính Hãng,95
270_left,Máy tính xách tay Laptop Dell Latitude 3410 (Intel Core I5-10210U/ 14 INCH/ RAM 8GB/ 256GB SSD/ UHD GRAPHICS/Free dos) - hàng chính hãng,96
108_left,Laptop Dell Latitude 3410 L3410I5SSD (Core i5-10210U/ 8GB RAM/ 256GB SSD/ 14 HD/ Fedora) - Hàng Chính Hãng,96
109_left,Laptop Dell Latitude 3410 L3410I5SSD (Core i5-10210U/ 8GB RAM/ 256GB SSD/ 14 HD/ Fedora) - Hàng Chính Hãng,96
31_left,Laptop Dell Latitude 3510 70233210 (Core i3-10110U/ 4GB DDR4 2667MHz (1x4GB)/ HDD 1TB 5400rpm/ 15.6 HD/ Fedora) - Hàng Chính Hãng,96
107_left,Laptop Dell Latitude 3410 L3410I5SSD (Core i5-10210U/ 8GB RAM/ 256GB SSD/ 14 HD/ Fedora) - Hàng Chính Hãng,96
199_left,Laptop Lenovo Thinkbook 13s IML 20RR00B8VN (Core i5-10210U/ 8Gb/ 512GB SSD/ 13.3 FHD/ DOS) - Hàng Chính Hãng,97
168_left,Laptop Lenovo Thinkpad E14 Gen 2-ITU 20TA002MVA (Core i7-1165G7/ 8GB DDR4-3200Mhz/ 512GB SSD M.2 2242 PCIe 3.0x4 NVMe/ 14 FHD IPS/ Dos) - Hàng Chính Hãng,97
70_left,Laptop Lenovo ThinkBook 15-IML 20RW008WVN (Core i3-10110U/ 4GB DDR4 2666MHz/ 256GB M.2 2280 PCIe NVMe/ 15.6 FHD/ Dos) - Hàng Chính Hãng,97
94_left,Laptop Lenovo Thinkpad E15 G2 20TD0081VA (Core i7-1165G7/ 8GB DDR4 3200Mhz/ 512GB M.2 2242 SSD/ 15.6 FHD IPS/ DOS) - Hàng Chính Hãng,97
242_left,Laptop Lenovo V14-IIL 82C400W3VN (Core i5-1035G1/ 4GB DDR4 2666Mhz/ 256GB M.2 2242 PCIe NVMe/ 14 HD/ Dos) - Hàng Chính Hãng,97
272_left,Laptop Lenovo Ideapad  S145-15IIL (81W8001XVN). Intel Core I3 1005G1 - Hàng Chính Hãng,98
6_left,Laptop Huawei Matebook D 15 (8GB/256GB) - Hàng Phân Ph?i Chính Hãng,98
102_left,Laptop Lenovo ThinkPad T490s 20NXS00200 Core i7-8565U/ Dos (14 FHD IPS) - Hàng Chính Hãng,98
248_left,LAPTOP CHROMEBOOK TOUCH (NL6D) - Hàng Chính Hãng,98
242_right,Laptop Lenovo ThinkPad E14 20RA007CVA - I5/Ram 8GB DDR4/512GB SSD - Hàng Chính Hãng,98
220_right,Laptop ch?i game,99
111_right,Laptop ch?i Game OneNetbook OneGx1,99
147_right,Laptop Macbook Ari ??i 2016 M?i 99% B?o Hành 12 Tháng,100
386_right,Laptop Dell Alienware M15 2019 I7-8750-8G-1TB-TX1060 6GB-W10 - B?O HÀNH 12 THÁNG,100
166_right,( B?O HÀNH HÃNG ??N THÁNG 8 - 2022) Laptop Asus TUF FA506II AL012T R5 4600H/8GB/512G SSD/GTX1650Ti 4GB/WIN10 c?u hình kh?ng,101
156_right,Hàng ngon c?u hình kh?ng  full box b?o hành chính hãng tháng 12- 2021: Laptop Asus Gaming ROG Strix G531G Core i7 9750H/8GB/512GB/120Hz/4GB GTX1650/Win10,101
154_right,Asus TUF Gaming FX505DY-AL060T/R5-3550H( B?O HÀNH HÃNG ??N 11 - 2021) Hàng m?i hàng ngon c?u hình kh?ng,101
163_right,Laptop Asus Gaming 2019 TUF FX505D R7 3750H/8GB/512GB/4GB GTX1050/ màn 120ghz( còn b?o hành hãng ??n 6 - 2021),101
161_right,acer nitro 5 core i7 9750H/8GB/256GB/4GB GTX1650/Win10 còn b?o hành hãng ??n tháng 4 2022 Máy ch?i game c?u hình kh?ng dáng th? thao,102
148_right,FULLBOX B?O HÀNH HÃNG 10 - 2022 ACER PREDATOR TRITON 500 Hàng C?c hot c?c vip,102
190_right,HP 15s-fq1107TU i3 1005G1/4GB/256GB SSD/WIN10 - B?c,103
212_right,HP 14s-dk1062au R3 3250U/4GB/512GB SSD/WIN10 - B?c,103
182_right,HP ProBook 440 G7 i3-10110U/4GB/512GB/WIN10 - B?c,103
186_right,"Asprire A515-53-50ZD/Core i5-8265U/4Gb/16Gb OT+1Tb/DVDRW/15.6""HD/Win 10/NX.H6DSV.001 - B?c",103
175_right,HP 15s-fq0018TU N5030/4GB/256GB/Intel Graphics/15.6''HD/Win 10 - B?c,103
420_right,Laptop ASUS X507UA EJ483T - i5-8250 15.6inch Vàng,104
434_right,Laptop ASus A510UA-BR1216T - I5-8250U 15.6inch Vàng,104
435_right,Laptop Asus A510UA-EJ1263T - I3-7020U 15.6inch Vàng,104
416_right,Laptop ASUS	X507UA-EJ313T I3-7020U 15.6inch Vàng,104
415_right,Laptop ASUS	X407UA-BV344T I3-8130U 14inch Xám,105
411_right,Laptop ASUS	X409FA-EK056T - I3-8145U 14inch B?C,105
384_right,Laptop ASUS	X409UA-EK093T - I3-7020U xám 14inch,105
413_right,Laptop ASUS	A510UA BR1214T - Xám I5-8250U 15.6inch,106
405_right,Laptop ASUS	X505BA - BR293T - A9-9425 15.6inch Xám,106
204_right,"Lenovo IdeaPad 3 15ADA05 R3 3250U/4GB/256GB/15.6""FHD/Win 10 - Xám",107
207_right,Lenovo ThinkBook 14-IIL i3 1005G1/4GB/512GB SSD/14.0 FHD/Intel HD/WIN10 - Xám,107
192_right,Huawei MateBook 13 i5 10210U/16GB/512GB SSD/13'' 2K/Nvidia MX250_2GB/Win10 - Xám,107
181_right,"Lenovo IdeaPad 3 14ARE05 R3 4300U/4GB/512GB/14""FHD/Win 10 - Xám",107
174_right,Asus Vivobook D509DA-EJ448T R3 3200U/4G/512GB SSD/Win 10 - B?c,108
188_right,Asus Vivobook A412FA-EK380T i3 8145U/4GB/512GB SSD/WIN10 - B?c,108
189_right,Asus Vivobook A412DA-EK160T/R5-3500U/8GB/512GB SSD/WIN10 - B?c,108
155_right,( còn bh hãng ??n 7 - 2022) Laptop Asus Vivobook X509JA EJ247T i3 1005G1/8GB/512GB SSD/Win 10,109
80_left,Laptop Asus Vivobook Flip TP412FA-EC609T (i5-10110U/8GB/512GB SSD/14FHD Touch/VGA ON/Win10/Gray/Pen)-Hàng chính hãng,109
213_right,Asus Vivobook S530FA-BQ066T/Core i5-8265U - Vàng,109
151_right,LAPTOP Asus VivoBook S430FA-EB075T - Xám (I5/4GB/1TB/14INCH),109
177_right,"Asus Vivobook S531FL-BQ422T i5 10210U/8G/512GB SSD/15.6""FHD/Nvidia MX250 2GB/Win10",109
448_right,Laptop Asus Vivobook S15 S530UN-BQ026T_Win10_Gold,109
187_right,Asus Vivobook X407UA-BV537T/Core i3-7020U/4GB/1TB/WIN10 - Vàng,109
383_right,Laptop ASUS A512FA-EJ570T - I3-8145U 15.6inch -Xanh Coban,110
225_right,Asus Zenbook UX533FD,110
252_right,Laptop Asus S430FA-EB074T-Vàng - CHÍNH HÃNG,110
223_right,"Laptop ASUS X409FA-EK470T- B?C (I3-8145U/4GB/SSD512GB/14""FHD/WIN 10)",110
172_right,Laptop ASUS Vvivobook X509MA BR270T,110
257_right,Laptop Asus X507MA-BR211T-Vàng - N5000-15.6inch,110
419_right,Laptop ASUS X507UA EJ500T i5-8250U -15.6inch Xám,110
396_right,Laptop ASUS A512FA-EJ555T - Cam San Hô 15.6inch,110
422_right,Laptop ASUS S410UN EB210T i5-8250U - 14inch Vàng,110
451_right,Laptop Asus S410UA-EB003T- I5-8250U-4G-1TB - WIN10-GOLD,110
14_right,"Laptop Asus X409FA-EK099T i5 8265, 4GB, 1TB, 14 FHD, Win10, B?c",110
421_right,Laptop ASUS S430UA EB132T i5-8250U - 14inch Xám,110
444_right,Laptop Asus X507UA-EJ483T_I5 8250U_4GB_1TB_WIN 10,110
443_right,Laptop Asus X507UF-EJ078T_I5 8250U_4GB_1TB_VGA 2GB_WIN 10,110
452_right,Laptop Asus X411UA-BV360T i5-8250-4G-1TB-WIN 10 VÀNG,110
441_right,Laptop ASUS ROG Zephyrus M GM501GM-EI005T_I7_16GB_1TB+256GB_W10,110
440_right,Laptop Asus SCAR GL504GM-ES044T_I7 8750H _16GB_1TB+256GB_15.6_Win 10,110
442_right,Laptop Asus S430UN-EB054T_I5-8250U_4GB_1TB_VGA 2GB_WIN 10_Gold Metal,110
437_right,Laptop Asus X407UF-BV058T - I7 8550U 14inch Xám,110
436_right,Laptop Asus A411UA-BV611T - Gold,110
433_right,Laptop Asus A510UN-EJ466T - I5 8250U 15.6inch  XÁM,110
432_right,Laptop Asus X507MA-BR064T - N5000 15.6inch Gold,110
431_right,Laptop Asus X507MA-BR059T - N5000 15.6inch Xám,110
438_right,Laptop Asus X407UB-BV160T - I7 8550 14inch Xám,110
1_right,"Laptop Asus Imaginebook MJ401TA, core m3 , 4G, 128G, 14in FHD 1080, new box 100%, giá r? t?ng c?p, chu?t quang, 2 ph?n m?m b?n quy?n tienganh123 và luyenthi123 tr?n ??i máy",111
201_right,Asus TUF FX505DT-HN488T R5 3550H/8GB/512GB SSD/Nvidia GTX1650_4G/WIN10 - Xám,112
195_right,Asus TUF FA506II-AL016T R7 4800H/8GB/512G /15.6 FHD/GTX1650Ti- 4GB/WIN10 - Xám,112
318_right,ASUS TUF FX705GM,112
11_right,Laptop ASUS TUF Gaming A17 FA706IU-H7133T R7-4800H 8GB 512GB  VGA GTX 1660Ti 6GB 17.3' FHD 120Hz Win 10,113
334_right,RAZER BLADE 15 2018,114
340_right,HP OMEN 17 2018,115
19_left,Apple Macbook Air 2020 - 13 Inchs (i3-10th/ 8GB/ 256GB) - Hàng Nh?p Kh?u Chính Hãng,116
3_left,Apple Macbook Pro 2020 M1 - 13 Inchs (Apple M1/ 8GB/ 512GB) - Hàng Chính Hãng,116
2_left,Apple Macbook Pro 2020 M1 - 13 Inchs (Apple M1/ 8GB/ 512GB) - Hàng Chính Hãng,116
4_left,Apple Macbook Air 2020 M1 - 13 Inchs (Apple M1/ 16GB/ 256GB) - Hàng Chính Hãng,116
5_left,Apple Macbook Air 2020 M1 - 13 Inchs (Apple M1/ 16GB/ 256GB) - Hàng Chính Hãng,116
1_left,Apple Macbook Air 2020 M1 - 13 Inchs (Apple M1/ 8GB/ 256GB) - Hàng Chính Hãng-,116
20_left,Apple Macbook Pro 2020 M1 - 13 Inchs (Apple M1/ 16GB/ 256GB) - Hàng Chính Hãng,116
0_left,Apple Macbook Pro 2020 M1 - 13 Inchs (Apple M1/ 8GB/ 256GB) - Hàng Chính Hãng,116
87_left,Apple Macbook Pro Touch Bar 2019 - 13 inchs (i5/ 8GB/ 512GB) - Hàng Nh?p Kh?u Chính Hãng,116
68_left,Apple Macbook Pro Touch Bar 2019 MV962 - 13 Inchs (i5/ 8GB/ 256GB) - Hàng Chính Hãng,116
140_right,"Macbook air 2017 MQD32 13.3""",117
142_right,Macbook air 2018 MRE82,117
141_right,"Laptop Macbook air 2015 i5.ram 4gb. ssd 128 gb 13.3"" MJVE2",117
145_right,Macbook air 2019 màu Gray,117
139_right,Macbook air 1.3 inch MQD32 Mode 2017,117
137_right,Macbook air 2012 13.3inch- MD231,117
144_right,MD224- Macbook air 2012 11 inch i5.ram4 gb. ssd128gb,117
403_right,MacBook Air 13.3 inch 2019 128GB MVFM2 Gold,117
400_right,MacBook Air 13 inch 2018 MREC2 128GB Xám,117
404_right,MacBook Air 13.3 inch 2019 128GB MVFH2 Gray,117
138_right,"Laptop macbook 2020 MWTJ2 13,3 inch",118
208_left,Surface Pro 6 Intel Core I7 Ram 16Gb Ssd 512Gb (New)- Hàng chính hãng,119
390_right,Surface Pro 4 -Core i7 Ram 16GB SSD 512GB,119
362_right,SURFACE BOOK 2 13 Core i7 8650U 16GB SSD 1TB GTX1050 13.5inch QHD 3K TOUCH,120
363_right,SURFACE LAPTOP 3   Core i7 1065G7 16GB SSD 512GB LCD 13.5inch TOUCH,120
365_right,SURFACE LAPTOP 3 15 SURFACE LAPTOP 3 15 AMD Ryzen 7 3780U 16GB SSD 512GB LCD 15inch TOUCH,121
364_right,SURFACE LAPTOP 3 15 SURFACE LAPTOP 3 15 AMD Ryzen 5 3580U16GB SSD 256GB LCD 15inchTOUCH,121
255_right,Surface go2,122
261_right,Chuwi LapBook Pro,123
252_left,"Hyperdrive Gen2 12-In-1 For Macbook, Ipad Pro 2018-2020, PC & Devices (G212)-chính hãng",123
260_right,Xiaomi Notebook Pro 15,123
329_right,RAZER BLADE PRO 2017,124
398_right,MacBook Pro 2017 13 inch MPXT2 256GB Xám,125
378_right,MacBook Pro 2019 13 inch MV992 i5-8GB -256GB-Sliver - B?O HÀNH 12 THÁNG,125
395_right,MacBook Pro 13.3 inch 2019 MUHN2 128GB Xám-Touch Bar,125
399_right,MacBook Pro 2017 13 inch MPXU2 256GB Sliver,125
401_right,MacBook Pro 13 inch  2019 MUHN2 128GB Xám,125
146_right,"Macbook pro màn hình retina 13"" MF840",125
374_right,MÁY TÍNH Macbook Pro 13 Touch Bar 512 GB 2018 còn BH FPT 6 tháng,126
210_right,"MacBook Pro 13"" 2019 Touch Bar 2.4GHz Core i5 256GB - Xám",126
208_right,"MacBook Pro 13"" 2019 Touch Bar 2.4GHz Core i5 512GB - B?c",126
180_right,"MacBook Pro 13"" 2019 Touch Bar 2.4GHz Core i5 512GB - Xám",126
110_right,Laptop MSI Modern 14 B10MW 427VN Gray,127
196_right,"MSI Modern 14 A10M-1053VN i5 10210U/4GB/256GB/14""FHD/Win10 - B?c",127
246_right,MSI GS66 STEALTH 10SE,128
345_right,MSI GS75 SEALTH 9SF,129
305_right,[Freeship] LENOVO THINKPAD. W540  Core i7 4900MQ 16GB SSD 256GB K2100M FHD,130
325_right,[Freeship] LENOVO THINKPAD. X1 EXTREME GEN 2 Core i7 9750H 16GB SSD 512GB GTX1650  LCD 15.6inch IPS FHD,130
281_right,[Freeship] LENOVO THINKPAD. T590,131
358_right,[Freeship] LENOVO THINKPAD. X1 EXTREME 4K,131
309_right,[Freeship] LENOVO THINKPAD. P51,131
3_right,[Freeship] LENOVO THINKPAD. T480 i7,131
357_right,[Freeship] LENOVO THINKPAD. P52,131
303_right,[Freeship] LENOVO THINKPAD. T490S,131
300_right,[Freeship] LENOVO THINKPAD. X1 YOGA GEN 4,131
299_right,[Freeship] LENOVO THINKPAD. X1 CARBON GEN 7,131
297_right,[Freeship] LENOVO THINKPAD. X1 CARBON GEN 7 10TH,131
296_right,[Freeship] LENOVO THINKPAD. X1 YOGA GEN 4,131
279_right,[Freeship] LENOVO THINKPAD. X1 CARBON GEN 5,131
355_right,[Freeship] LENOVO THINKPAD. P1 MAX OPTION,131
293_right,[Freeship] LENOVO THINKPAD. X1 YOGA GEN 3,131
286_right,[Freeship] LENOVO THINKPAD. X260,131
284_right,[Freeship] LENOVO THINKPAD. T470,131
354_right,[Freeship] LENOVO THINKPAD. P53S  LENOVO THINKPAD. P53S,131
346_right,[Freeship] LENOVO LEGION Y545,131
282_right,[Freeship] LENOVO THINKPAD. T540P,131
276_right,[Freeship] LENOVO THINKPAD. T470S,131
348_right,[Freeship] LENOVO THINKPAD. P1 Gen,131
349_right,[Freeship] LENOVO LEGION Y540-17ICH,131
294_right,[Freeship] LENOVO THINKPAD. YOGA L390,131
360_right,LENOO YOGA C940-15IRH LENOO YOGA C940-15IRH,132
